"Guide ID","Guide Name",2014-02,2014-03,2014-04,2014-05,2014-06,2014-07,2014-08,2014-09,2014-10,2014-11,2014-12,2015-01,2015-02,2015-03,2015-04,2015-05,2015-06,2015-07,2015-08,2015-09,2015-10,2015-11,2015-12,2016-01,2016-02,2016-03,2016-04,2016-05,2016-06,2016-07,2016-08,2016-09,2016-10,2016-11,2016-12,2017-01,2017-02,2017-03,2017-04,2017-05,2017-06,2017-07,2017-08,2017-09,2017-10,2017-11,2017-12,2018-01,2018-02,2018-03,2018-04,2018-05,2018-06,2018-07,2018-08,2018-09,2018-10,2018-11,2018-12,2019-01,2019-02,2019-03,2019-04,2019-05,2019-06,2019-07,2019-08,2019-09,2019-10,2019-11,2019-12,2020-01,2020-02,2020-03,2020-04,2020-05,2020-06,2020-07,2020-08,2020-09,2020-10,2020-11,2020-12,2021-01,2021-02,2021-03,2021-04,2021-05,2021-06,2021-07,2021-08,2021-09,2021-10,2021-11,2021-12,2022-01,2022-02,2022-03,2022-04,2022-05,2022-06,2022-07,2022-08,2022-09,2022-10,2022-11,2022-12,2023-01,2023-02,2023-03,2023-04,2023-05,Total
124892,"A Master Guide to Guides",0,0,0,0,0,0,0,0,0,0,0,0,0,0,0,0,0,0,0,0,0,0,0,0,0,0,0,0,0,0,0,0,0,0,0,0,0,0,0,0,0,0,0,0,0,0,0,0,0,0,0,0,0,0,0,0,0,0,0,0,0,0,0,0,0,0,0,0,0,0,0,0,0,0,0,0,0,0,0,0,0,0,0,0,0,0,0,0,0,0,0,0,0,0,0,0,0,0,0,0,0,0,0,0,0,0,0,0,0,0,0,0,0
98118,"A Master Library Content Guide",0,0,0,0,0,0,0,0,0,0,0,0,0,0,0,0,0,0,0,0,0,0,0,0,0,0,0,0,0,0,0,0,0,0,0,0,0,0,0,0,0,0,0,0,0,0,0,0,0,0,0,0,0,0,0,0,0,0,0,0,0,0,0,0,0,0,0,0,0,0,0,0,0,0,0,0,0,0,0,0,0,0,0,0,0,0,0,0,0,0,0,0,0,0,0,0,0,0,0,0,0,0,0,0,0,0,0,0,0,0,0,0,0
98116,"A Master Search Box Guide",0,0,0,0,0,0,0,0,0,0,0,0,0,0,0,0,0,0,0,0,0,0,0,0,0,0,0,0,0,0,0,0,0,0,0,0,0,0,0,0,0,0,0,0,0,0,0,0,0,0,0,0,0,0,0,0,0,0,0,0,0,0,0,0,0,0,0,0,0,0,0,0,0,0,0,0,0,0,0,0,0,0,0,0,0,0,0,0,0,0,0,0,0,0,0,0,0,0,0,0,0,0,0,0,0,0,0,0,0,0,0,0,0
98123,"A Master Subscription Resources Guide",0,0,0,0,0,0,0,0,0,0,0,0,0,0,0,0,0,0,0,0,0,0,0,0,0,0,0,0,0,0,0,0,0,0,0,0,0,0,0,0,0,0,0,0,0,0,0,0,0,0,0,0,0,0,0,0,0,0,0,0,0,0,0,0,0,0,0,0,0,0,0,0,0,0,0,0,0,0,0,0,0,0,0,0,0,0,0,0,0,0,0,0,0,0,0,0,0,0,0,0,0,0,0,0,0,0,0,0,0,0,0,0,0
98119,"A Template - The Works",0,0,0,0,0,0,0,0,0,0,0,0,0,0,0,0,0,0,0,0,0,0,0,0,0,0,0,0,0,0,0,0,0,0,0,0,0,0,0,0,0,0,0,0,0,0,0,0,0,0,0,0,0,0,0,0,0,0,0,0,0,0,0,0,0,0,0,0,0,0,0,0,0,0,0,0,0,0,0,0,0,0,0,0,0,0,0,0,0,0,0,0,0,0,0,0,0,0,0,0,0,0,0,0,0,0,0,0,0,0,0,0,0
655293,"A Template - Two Column Layout",0,0,0,0,0,0,0,0,0,0,0,0,0,0,0,0,0,0,0,0,0,0,0,0,0,0,0,0,0,0,0,0,0,0,0,0,0,0,0,0,0,0,0,0,0,0,0,0,0,0,0,0,0,0,0,0,0,0,0,0,0,0,0,0,0,0,0,0,0,0,0,0,0,0,0,0,0,0,0,0,0,0,0,0,0,0,0,0,0,0,0,0,0,0,0,0,0,0,0,0,0,0,0,0,0,0,0,0,0,0,0,0,0
98157,"AMIS 1350: American Indian Education Past & Present",0,3,2,8,1,1,10,2,1,1,0,6,3,0,1,0,4,0,2,4,2,2,2,19,12,2,2,1,4,0,19,3,6,0,11,17,5,3,0,1,10,16,39,21,6,11,0,10,5,4,1,0,1,0,2,0,12,1,6,1,6,1,4,0,0,1,1,8,1,4,0,0,2,0,0,0,2,1,1,24,0,0,7,3,1,0,4,0,0,0,0,26,5,0,1,2,1,0,0,1,0,0,0,1,9,2,0,1,0,8,0,0,434
98161,"ARTS 1125: Ceramics 1",0,39,74,9,4,1,2,6,0,0,0,1,0,0,2,3,0,0,0,4,0,1,0,21,8,8,0,0,9,2,19,0,5,0,0,12,0,0,0,0,0,0,14,3,0,6,2,7,3,0,0,0,0,0,1,0,3,0,0,0,1,0,0,0,0,0,0,0,1,0,2,0,1,0,4,0,4,0,0,1,1,0,0,1,0,0,0,0,0,0,0,48,8,13,25,9,6,0,0,0,0,1,0,0,3,0,0,0,0,0,0,0,398
98158,"ARTS 1142: Painting 1",0,0,1,0,1,0,4,1,1,0,5,1,0,0,0,8,0,0,4,2,0,7,0,18,3,0,0,0,0,0,5,0,1,0,0,4,0,0,0,0,0,0,4,0,0,0,0,1,2,3,0,0,0,0,0,0,8,0,0,0,1,0,0,0,0,0,0,1,0,0,0,0,0,0,0,0,3,0,0,0,0,0,0,0,0,0,0,0,0,0,0,7,9,0,0,0,0,0,0,0,0,0,0,0,0,0,0,0,0,0,0,0,105
1207610,"ARTS 1150 Digital Imaging Foundations",0,0,0,0,0,0,0,0,0,0,0,0,0,0,0,0,0,0,0,0,0,0,0,0,0,0,0,0,0,0,0,0,0,0,0,0,0,0,0,0,0,0,0,0,0,0,0,0,0,0,0,0,0,0,0,0,0,0,0,0,0,0,0,0,0,0,0,0,0,0,0,0,0,0,0,0,0,0,0,0,0,0,0,0,0,0,0,0,0,0,0,0,0,0,0,0,6,11,2,0,0,0,0,7,7,0,0,0,0,0,0,0,33
98160,"ARTS 2233: Sculpture: Direct Metal",0,0,0,0,9,24,1,0,32,0,0,0,0,0,0,0,0,0,0,1,0,0,0,6,4,0,0,0,0,0,4,0,7,0,0,2,1,0,0,0,0,0,5,19,0,0,0,2,1,0,0,0,0,0,0,4,2,5,0,0,0,0,1,0,0,0,0,0,1,0,0,0,0,0,0,0,0,0,0,5,0,0,0,1,0,0,0,0,0,0,0,1,0,0,0,0,0,0,0,0,0,0,0,0,0,0,0,0,0,0,0,0,138
624083,"African-American History & Culture",0,0,0,0,0,0,0,0,0,0,0,0,0,0,0,0,0,0,0,0,0,0,0,0,0,0,0,0,0,0,0,0,0,0,0,0,26,30,0,12,7,8,2,0,0,4,0,4,0,0,3,0,1,0,0,12,0,0,0,0,0,4,0,0,0,0,0,1,0,0,0,0,0,0,0,0,0,0,0,0,0,0,0,2,2,0,0,0,0,0,0,0,0,0,0,0,0,0,0,1,0,0,0,9,0,0,0,0,0,0,0,0,128
98124,"Alternative Media",0,14,66,22,14,26,34,60,109,200,11,30,23,5,269,12,3,5,11,18,22,56,2,27,29,17,139,22,8,9,34,3,53,54,2,21,10,20,37,6,18,18,142,145,47,276,37,46,41,17,43,12,15,31,11,57,32,52,26,21,26,14,65,4,12,28,17,27,31,114,16,30,11,17,15,28,12,10,20,29,19,110,20,20,30,19,42,2,5,16,2,36,40,47,7,4,34,30,66,15,17,26,6,22,72,28,4,9,34,75,12,0,3985
98126,"Alternative/Complementary Medicine",0,0,0,0,0,0,1,16,6,0,2,3,2,0,1,0,3,0,15,10,0,0,10,3,19,0,1,0,0,0,3,4,0,8,0,11,6,0,2,0,4,0,8,32,21,16,9,2,8,23,2,1,0,0,0,8,0,0,0,0,2,0,2,0,0,0,0,2,6,0,2,0,3,0,0,6,0,0,0,4,0,0,0,0,4,0,0,1,0,0,0,0,0,0,0,1,1,11,5,4,6,1,0,6,15,5,0,0,0,2,0,0,349
1282481,"Alternatives to Capitalism",0,0,0,0,0,0,0,0,0,0,0,0,0,0,0,0,0,0,0,0,0,0,0,0,0,0,0,0,0,0,0,0,0,0,0,0,0,0,0,0,0,0,0,0,0,0,0,0,0,0,0,0,0,0,0,0,0,0,0,0,0,0,0,0,0,0,0,0,0,0,0,0,0,0,0,0,0,0,0,0,0,0,0,0,0,0,0,0,0,0,0,0,0,0,0,0,0,0,0,0,0,0,0,0,0,20,22,4,4,3,7,0,60
1278978,Anarchism,0,0,0,0,0,0,0,0,0,0,0,0,0,0,0,0,0,0,0,0,0,0,0,0,0,0,0,0,0,0,0,0,0,0,0,0,0,0,0,0,0,0,0,0,0,0,0,0,0,0,0,0,0,0,0,0,0,0,0,0,0,0,0,0,0,0,0,0,0,0,0,0,0,0,0,0,0,0,0,0,0,0,0,0,0,0,0,0,0,0,0,0,0,0,0,0,0,0,0,0,0,0,0,0,0,40,13,0,6,30,2,0,91
98130,"Anthropology, Cultural and Ethnic Studies",0,8,3,0,3,2,0,36,18,2,1,14,10,14,4,0,7,0,2,16,16,12,0,25,14,28,45,0,2,0,9,30,22,4,5,2,20,6,0,0,9,1,43,14,6,28,24,10,7,15,11,2,1,15,18,17,18,12,3,11,19,23,11,6,21,12,4,17,41,16,18,7,8,17,1,5,7,5,1,23,32,4,0,2,15,2,4,5,3,6,9,6,8,3,8,4,0,8,12,3,1,14,0,7,2,2,0,2,3,0,5,0,1077
1047010,Anti-Racism,0,0,0,0,0,0,0,0,0,0,0,0,0,0,0,0,0,0,0,0,0,0,0,0,0,0,0,0,0,0,0,0,0,0,0,0,0,0,0,0,0,0,0,0,0,0,0,0,0,0,0,0,0,0,0,0,0,0,0,0,0,0,0,0,0,0,0,0,0,0,0,0,0,0,0,0,237,26,34,58,48,90,44,15,41,25,140,18,3,5,4,13,6,5,3,18,197,57,36,26,39,88,15,172,53,58,29,4,17,11,20,0,1655
98127,Art,0,0,6,8,3,2,11,20,17,0,1,26,44,0,2,0,2,0,3,20,7,1,0,52,10,1,1,0,18,0,16,12,20,10,6,29,1,2,25,2,17,1,29,33,13,14,3,14,31,13,26,13,9,8,2,37,5,21,9,6,21,16,20,0,4,24,3,11,12,30,4,21,13,8,3,5,3,0,0,12,18,12,9,5,48,4,13,4,46,3,7,4,7,19,38,9,18,9,21,5,0,50,62,8,4,13,81,3,4,2,29,1,1448
930504,"BIOL 2202: Biology 2",0,0,0,0,0,0,0,0,0,0,0,0,0,0,0,0,0,0,0,0,0,0,0,0,0,0,0,0,0,0,0,0,0,0,0,0,0,0,0,0,0,0,0,0,0,0,0,0,0,0,0,0,0,0,0,0,0,0,0,0,0,0,32,12,0,1,0,6,114,13,41,7,9,69,21,33,5,0,0,29,79,54,40,4,47,43,6,16,0,0,1,9,172,18,19,3,22,34,2,25,0,0,4,9,79,0,7,3,19,5,25,0,1137
863895,"BIOL 2205: Genetics",0,0,0,0,0,0,0,0,0,0,0,0,0,0,0,0,0,0,0,0,0,0,0,0,0,0,0,0,0,0,0,0,0,0,0,0,0,0,0,0,0,0,0,0,0,0,0,0,0,0,0,0,0,0,41,4,10,33,23,0,1,0,17,0,0,0,3,0,0,61,13,0,0,0,0,0,2,0,0,3,6,0,13,0,0,0,0,0,0,0,4,0,3,34,9,1,0,0,0,0,0,0,0,1,41,1,4,0,0,0,0,0,328
98166,"BIOL 2225: Physiology",0,0,7,1,1,2,4,5,0,2,1,0,0,2,0,0,0,0,1,16,8,2,0,19,5,0,10,0,2,0,5,1,0,0,0,13,18,3,3,0,0,0,8,0,1,1,1,14,20,0,8,8,0,0,8,0,0,0,0,0,0,0,1,0,4,6,4,11,1,10,0,21,16,0,2,1,3,1,0,0,0,7,5,10,6,0,0,0,0,0,0,55,9,0,0,1,10,0,0,0,1,1,0,4,0,0,0,0,0,0,0,0,390
98163,"BIOL 2235: Microbiology",0,0,4,6,1,4,8,84,66,180,21,0,0,0,4,0,1,0,2,32,0,1,0,1,1,0,0,1,0,0,3,0,0,5,0,6,3,7,0,0,0,0,0,19,117,9,0,1,1,7,0,0,0,4,10,0,0,0,0,8,3,33,7,0,0,0,0,0,13,0,0,4,5,0,0,0,0,34,0,3,0,0,16,290,19,33,87,5,129,2,2,40,60,113,6,3,40,62,74,0,152,18,2,31,34,10,3,0,11,214,91,0,2266
391729,"Banned Books Week",0,0,0,0,0,0,0,0,0,0,0,0,0,0,0,0,0,0,0,26,1,0,0,0,0,0,0,0,0,0,0,0,0,0,0,0,0,5,0,0,1,0,0,0,0,2,0,0,0,1,0,2,1,1,1,6,2,1,0,3,0,0,1,0,0,0,6,4,0,1,0,0,0,7,0,2,0,0,1,7,0,2,1,0,5,0,10,0,0,0,3,0,1,0,1,4,0,5,8,2,0,14,7,71,5,12,2,1,3,1,1,0,241
98133,Biographies,0,0,5,1,0,0,0,8,0,2,0,2,4,0,13,0,0,0,1,2,0,0,3,18,14,6,1,0,1,0,5,7,1,3,0,2,0,9,2,0,2,2,8,5,1,10,8,10,4,4,1,1,6,0,0,1,0,1,0,0,1,0,7,0,0,0,0,0,10,1,0,0,1,12,0,6,2,0,0,0,10,9,1,0,1,0,0,0,0,1,3,2,0,2,1,1,2,0,2,10,0,0,0,0,0,0,0,0,0,0,0,0,259
98128,"Biology & Life Sciences",0,4,13,4,18,5,16,5,16,5,0,0,8,10,2,0,3,0,5,48,1,1,7,16,15,8,19,3,5,0,12,19,6,0,1,27,7,3,5,0,4,0,24,34,31,33,15,15,45,13,44,13,5,5,11,20,11,9,10,29,29,36,18,12,13,9,7,15,20,17,12,17,12,8,12,16,37,6,5,9,9,12,23,36,25,15,13,2,29,11,2,10,45,9,7,13,7,12,12,2,14,16,12,2,8,23,19,9,1,34,14,0,1444
98132,Biotechnology,0,3,0,1,1,0,7,5,0,0,0,9,0,0,1,0,10,0,2,11,7,6,2,3,14,5,0,3,4,0,1,1,0,0,0,6,3,0,0,0,1,0,7,4,8,1,1,3,2,3,1,0,0,4,6,5,5,4,0,5,4,0,4,0,0,4,0,4,4,7,0,8,2,1,0,0,0,1,1,1,8,0,0,0,1,2,0,0,0,0,1,0,1,0,0,1,1,1,1,0,0,0,1,2,6,11,0,0,0,38,8,0,289
1285578,"Black Power Movements",0,0,0,0,0,0,0,0,0,0,0,0,0,0,0,0,0,0,0,0,0,0,0,0,0,0,0,0,0,0,0,0,0,0,0,0,0,0,0,0,0,0,0,0,0,0,0,0,0,0,0,0,0,0,0,0,0,0,0,0,0,0,0,0,0,0,0,0,0,0,0,0,0,0,0,0,0,0,0,0,0,0,0,0,0,0,0,0,0,0,0,0,0,0,0,0,0,0,0,0,0,0,0,0,0,0,0,0,55,34,6,0,95
98153,Business,0,0,11,0,7,0,8,11,2,14,2,41,18,4,1,6,3,1,0,26,13,0,2,58,12,16,5,1,10,2,13,0,24,14,0,28,2,42,47,2,22,4,22,39,11,32,23,39,24,37,24,4,9,18,5,54,11,24,24,9,61,8,12,19,54,11,2,140,22,25,21,6,74,20,24,21,3,56,11,37,12,1,1,7,0,0,8,8,8,0,2,6,6,1,0,9,5,4,10,7,7,0,7,9,14,0,6,15,10,9,3,0,1683
98165,"CMST 1000: Introduction to Communication Studies",0,1,27,18,0,1,1,2,9,0,8,0,1,3,0,2,1,0,1,20,0,0,0,8,6,2,9,0,6,0,10,27,5,5,6,17,4,4,14,25,1,1,16,3,1,13,2,9,1,1,3,0,1,1,1,2,8,7,1,1,1,6,20,0,1,0,0,2,4,0,0,2,16,0,1,0,0,4,0,3,7,0,2,0,1,1,9,0,0,0,0,6,3,1,3,6,0,0,0,1,0,1,1,1,3,0,0,1,4,0,4,0,431
910531,"Campus Information Technology",0,0,0,0,0,0,0,0,0,0,0,0,0,0,0,0,0,0,0,0,0,0,0,0,0,0,0,0,0,0,0,0,0,0,0,0,0,0,0,0,0,0,0,0,0,0,0,0,0,0,0,0,0,0,0,0,0,0,0,0,48,35,16,8,2,10,12,6,7,3,3,20,0,0,2,3,6,7,15,11,5,1,2,21,7,1,2,0,7,0,12,4,0,2,2,5,0,0,0,0,0,0,4,0,1,1,0,7,2,0,0,0,300
895290,"Career Exploration",0,0,0,0,0,0,0,0,0,0,0,0,0,0,0,0,0,0,0,0,0,0,0,0,0,0,0,0,0,0,0,0,0,0,0,0,0,0,0,0,0,0,0,0,0,0,0,0,0,0,0,0,0,0,0,0,0,0,53,8,15,2,0,4,0,0,0,0,0,0,0,1,0,1,0,1,0,1,0,6,20,1,2,0,1,3,10,14,0,0,0,7,0,7,0,5,0,2,0,3,0,0,0,2,0,0,0,1,3,1,0,0,174
98152,Chemistry,0,0,9,1,0,0,0,2,3,0,1,2,3,3,6,0,0,9,0,1,0,25,14,23,7,0,4,2,0,0,17,6,0,0,1,14,0,0,0,0,5,0,12,0,20,15,9,0,1,26,11,2,2,1,3,6,5,32,2,7,5,24,4,7,0,0,1,2,4,2,2,20,1,0,0,3,1,0,3,5,10,2,1,2,11,0,0,2,1,0,3,7,7,0,0,5,0,2,4,1,0,2,0,3,18,64,5,2,0,61,6,0,615
98151,"Child Development",0,0,24,5,0,2,17,3,1,12,0,52,7,0,1,2,0,0,0,9,4,0,3,2,4,3,3,0,5,0,2,7,5,6,0,11,22,0,5,3,0,0,13,15,16,12,5,3,12,4,20,3,1,4,1,12,8,8,9,6,12,9,26,13,32,11,1,22,5,0,5,9,2,5,1,11,5,7,0,5,4,1,4,4,2,0,12,0,0,2,0,13,4,4,1,0,0,10,2,0,0,0,0,7,0,0,0,0,3,3,1,0,630
471526,"Citation Help",0,0,0,0,0,0,0,0,0,0,0,0,0,0,0,0,0,0,0,0,0,0,0,0,0,69,328,196,282,137,146,352,280,503,248,552,791,691,775,261,397,420,641,981,720,650,305,639,714,527,585,240,157,296,202,652,618,405,329,264,392,668,353,198,280,342,250,630,892,328,287,308,784,192,286,172,250,293,190,625,590,356,217,240,429,320,284,100,173,236,233,361,351,248,173,166,294,267,187,78,91,228,284,448,386,318,204,311,423,317,323,5,31714
1257721,"Copy of A Template - Two Column Layout",0,0,0,0,0,0,0,0,0,0,0,0,0,0,0,0,0,0,0,0,0,0,0,0,0,0,0,0,0,0,0,0,0,0,0,0,0,0,0,0,0,0,0,0,0,0,0,0,0,0,0,0,0,0,0,0,0,0,0,0,0,0,0,0,0,0,0,0,0,0,0,0,0,0,0,0,0,0,0,0,0,0,0,0,0,0,0,0,0,0,0,0,0,0,0,0,0,0,0,0,0,0,0,0,0,0,0,0,0,0,0,0,0
969644,"Creative Commons & Copyright",0,0,0,0,0,0,0,0,0,0,0,0,0,0,0,0,0,0,0,0,0,0,0,0,0,0,0,0,0,0,0,0,0,0,0,0,0,0,0,0,0,0,0,0,0,0,0,0,0,0,0,0,0,0,0,0,0,0,0,0,0,0,0,0,0,0,0,4,42,113,22,63,51,60,14,19,41,23,37,7,3,12,0,1,3,10,15,0,1,8,0,0,0,1,1,3,6,3,0,20,4,6,6,5,1,0,0,0,0,0,0,0,605
1088626,"Critical Viewing: The Depths of Horror",0,0,0,0,0,0,0,0,0,0,0,0,0,0,0,0,0,0,0,0,0,0,0,0,0,0,0,0,0,0,0,0,0,0,0,0,0,0,0,0,0,0,0,0,0,0,0,0,0,0,0,0,0,0,0,0,0,0,0,0,0,0,0,0,0,0,0,0,0,0,0,0,0,0,0,0,0,0,0,0,170,68,10,3,0,1,1,0,0,0,0,0,0,0,0,0,0,0,0,0,0,0,0,0,0,1,0,0,0,0,0,0,254
1093126,"Culturally Responsive/Anti-Racist Pedagogy",0,0,0,0,0,0,0,0,0,0,0,0,0,0,0,0,0,0,0,0,0,0,0,0,0,0,0,0,0,0,0,0,0,0,0,0,0,0,0,0,0,0,0,0,0,0,0,0,0,0,0,0,0,0,0,0,0,0,0,0,0,0,0,0,0,0,0,0,0,0,0,0,0,0,0,0,0,0,0,0,40,0,0,0,0,0,36,0,14,1,0,0,0,0,0,0,0,2,10,1,0,4,1,4,4,0,2,1,1,0,1,0,122
98150,"Current Events",0,0,7,0,0,3,0,4,9,3,11,21,3,3,1,0,0,0,7,21,2,0,3,34,15,1,1,4,23,0,12,31,5,12,0,6,3,4,14,1,12,0,47,41,15,16,18,13,6,25,9,6,6,3,6,6,8,7,3,1,1,2,1,0,3,2,10,4,12,3,0,17,8,0,0,3,0,0,4,9,26,6,10,6,5,7,23,0,3,13,8,10,5,0,10,22,6,1,14,9,0,0,0,0,0,0,0,0,0,0,0,0,775
1248196,"Database Access Instructions",0,0,0,0,0,0,0,0,0,0,0,0,0,0,0,0,0,0,0,0,0,0,0,0,0,0,0,0,0,0,0,0,0,0,0,0,0,0,0,0,0,0,0,0,0,0,0,0,0,0,0,0,0,0,0,0,0,0,0,0,0,0,0,0,0,0,0,0,0,0,0,0,0,0,0,0,0,0,0,0,0,0,0,0,0,0,0,0,0,0,0,0,0,0,0,0,0,0,0,0,7,5,3,5,3,0,2,1,1,2,1,0,30
864373,"Drug Testing in the Workplace",0,0,0,0,0,0,0,0,0,0,0,0,0,0,0,0,0,0,0,0,0,0,0,0,0,0,0,0,0,0,0,0,0,0,0,0,0,0,0,0,0,0,0,0,0,0,0,0,0,0,0,0,0,0,3,58,156,34,32,0,0,0,0,0,0,1,0,0,0,0,0,0,10,1,0,8,0,0,0,1,2,0,0,0,0,0,0,0,1,0,5,0,0,0,1,5,0,0,15,3,0,0,0,0,0,0,0,0,0,0,0,0,336
98170,"ENGL 0900: Fundamentals of Written English - Haven Stephens section",0,0,0,9,1,7,17,164,14,7,1,10,205,18,2,0,1,0,0,3,0,1,0,1,5,1,0,0,0,0,16,217,31,26,0,1,0,0,5,0,3,0,15,196,32,10,4,4,6,0,8,0,1,4,4,0,0,9,0,0,5,0,12,0,0,0,0,0,0,0,0,0,0,0,0,0,0,0,0,0,0,0,0,0,0,0,0,0,0,0,0,0,0,0,0,0,0,0,0,0,0,0,0,0,0,0,0,0,0,0,0,0,1076
370563,"ENGL 1110 College Composition: Focus on Critical Analysis",0,0,0,0,0,0,0,0,0,0,0,0,0,0,0,0,0,0,25,54,77,25,13,1,13,6,0,0,2,0,4,3,19,1,4,17,0,4,5,0,2,5,1,95,40,3,7,41,3,0,14,24,46,3,36,0,3,3,0,50,2,24,4,0,0,0,2,9,9,5,0,2,1,0,6,0,0,0,0,4,5,1,2,1,14,0,0,0,0,6,17,10,15,2,27,114,4,0,0,0,0,2,6,18,58,25,12,38,29,8,6,0,1137
138414,"ENGL 1110:  Focus on Higher Education",0,0,0,0,0,0,0,0,0,0,0,0,0,0,0,0,0,0,0,0,0,0,0,0,0,0,0,0,0,0,0,0,0,0,0,0,0,0,0,0,0,0,0,0,0,0,0,0,0,0,0,0,0,0,0,0,0,0,0,0,0,0,0,0,0,0,0,0,0,0,0,0,0,0,0,0,0,0,0,0,0,0,0,0,0,0,0,0,0,0,0,0,0,0,0,0,0,0,0,0,0,0,0,0,0,0,0,0,0,0,0,0,0
1300838,"ENGL 1110: College Composition - Said Farah Sections",0,0,0,0,0,0,0,0,0,0,0,0,0,0,0,0,0,0,0,0,0,0,0,0,0,0,0,0,0,0,0,0,0,0,0,0,0,0,0,0,0,0,0,0,0,0,0,0,0,0,0,0,0,0,0,0,0,0,0,0,0,0,0,0,0,0,0,0,0,0,0,0,0,0,0,0,0,0,0,0,0,0,0,0,0,0,0,0,0,0,0,0,0,0,0,0,0,0,0,0,0,0,0,0,0,0,0,0,168,176,28,4,376
98174,"ENGL 1110: Focus on Critical Analysis",0,0,1,11,3,0,2,7,32,0,15,0,7,3,0,1,0,0,23,0,0,0,0,0,0,0,0,0,0,0,0,0,0,0,0,0,0,0,0,0,0,0,0,1,0,0,0,1,0,0,0,0,0,0,0,0,0,0,0,0,0,0,0,0,0,0,0,0,0,0,0,0,0,0,0,0,0,0,0,0,0,0,0,0,0,0,0,0,0,0,0,0,0,0,0,0,0,0,0,0,0,0,0,0,0,0,0,0,0,0,0,0,107
98177,"ENGL 1111: College English 2 - Focus on American Cultural Myths",0,2,0,0,3,0,1,5,1,1,1,1,6,0,0,0,8,0,0,1,9,11,1,1,0,0,0,0,0,0,0,0,0,0,3,2,0,0,0,0,0,0,2,0,0,0,0,1,0,2,0,3,4,0,2,2,2,1,0,0,6,0,0,0,0,0,0,0,0,0,0,0,0,0,0,0,0,0,0,0,0,0,0,0,0,0,0,0,0,0,0,0,0,0,0,0,0,0,0,0,0,0,0,0,0,0,0,0,0,0,0,0,82
138408,"ENGL 1111: College English 2 - Focus on Gender",0,0,0,0,0,0,0,21,235,84,51,117,380,66,75,32,300,17,0,19,2,5,0,1,0,0,0,1,286,51,45,561,102,97,13,275,258,88,135,14,202,31,5,371,76,42,1,3,385,208,200,31,7,0,2,15,494,100,26,7,133,161,54,8,121,5,0,102,62,29,3,138,203,13,28,4,178,22,0,404,129,60,2,27,333,66,14,0,83,69,7,236,94,11,1,0,441,73,69,18,89,72,4,0,1,0,0,15,1,3,2,0,9125
98175,"ENGL 1111: College English 2 - Focus on Visual Arts and Culture",0,2,3,0,1,0,2,2,0,0,1,1,1,0,0,0,0,0,0,0,0,0,0,0,0,0,0,0,0,0,0,1,0,0,1,1,0,0,1,0,0,0,2,0,0,0,0,1,0,0,0,0,0,0,0,0,0,2,0,0,0,0,0,0,0,0,0,0,0,0,0,0,0,0,0,0,0,0,0,0,0,0,0,0,0,0,0,0,0,0,0,0,0,0,0,0,0,0,0,0,0,0,0,0,0,0,0,0,0,0,0,0,22
140298,"ENGL 1111: College English 2 - Focus on War",0,0,0,0,0,0,0,19,3,0,1,0,2,0,0,0,3,0,0,1,0,0,0,2,0,0,1,0,0,0,0,4,0,0,0,2,1,3,0,0,0,0,0,0,0,7,1,1,3,8,1,0,0,0,0,0,0,2,0,1,0,0,0,0,0,0,0,0,0,0,0,0,0,0,0,0,0,0,0,0,0,0,0,0,0,0,0,0,0,0,0,0,0,0,0,0,0,0,0,0,0,0,0,0,0,0,0,0,0,0,0,0,66
972293,"ENGL 1111: College English 2 - Research and Composition for Change",0,0,0,0,0,0,0,0,0,0,0,0,0,0,0,0,0,0,0,0,0,0,0,0,0,0,0,0,0,0,0,0,0,0,0,0,0,0,0,0,0,0,0,0,0,0,0,0,0,0,0,0,0,0,0,0,0,0,0,0,0,0,0,0,0,0,0,0,382,185,54,21,21,9,11,2,144,43,0,126,50,18,2,62,263,28,31,27,10,5,0,167,120,4,14,18,226,70,43,9,2,23,0,134,31,0,0,1,3,10,3,0,2372
1115934,"ENGL 1111: College English 2 - Research and Composition for Change",0,0,0,0,0,0,0,0,0,0,0,0,0,0,0,0,0,0,0,0,0,0,0,0,0,0,0,0,0,0,0,0,0,0,0,0,0,0,0,0,0,0,0,0,0,0,0,0,0,0,0,0,0,0,0,0,0,0,0,0,0,0,0,0,0,0,0,0,0,0,0,0,0,0,0,0,0,0,0,0,0,0,0,64,39,14,1,0,0,6,14,35,93,26,0,5,18,6,0,0,2,2,0,2,0,0,0,1,5,10,1,0,344
184861,"ENGL 1111: Controversy, Cause & Effect and the World Around Us",0,0,0,0,0,0,0,0,0,0,0,130,53,49,55,0,12,0,28,6,0,0,0,2,4,0,0,0,0,0,3,5,0,0,0,98,54,32,31,0,1,0,1,6,3,4,3,2,2,1,4,3,0,0,0,0,0,0,0,0,0,0,0,0,0,0,0,0,0,0,0,0,0,0,0,0,0,0,0,0,0,0,0,0,0,0,0,0,0,0,0,0,0,0,0,0,0,0,0,0,0,0,0,0,0,0,0,0,0,0,0,0,592
1292804,"ENGL 1111: Research &amp; Composition For Change",0,0,0,0,0,0,0,0,0,0,0,0,0,0,0,0,0,0,0,0,0,0,0,0,0,0,0,0,0,0,0,0,0,0,0,0,0,0,0,0,0,0,0,0,0,0,0,0,0,0,0,0,0,0,0,0,0,0,0,0,0,0,0,0,0,0,0,0,0,0,0,0,0,0,0,0,0,0,0,0,0,0,0,0,0,0,0,0,0,0,0,0,0,0,0,0,0,0,0,0,0,0,0,0,0,0,0,65,26,9,22,0,122
1305677,"ENGL 1111: Research and Composition for Change - Molly Cooney Sections",0,0,0,0,0,0,0,0,0,0,0,0,0,0,0,0,0,0,0,0,0,0,0,0,0,0,0,0,0,0,0,0,0,0,0,0,0,0,0,0,0,0,0,0,0,0,0,0,0,0,0,0,0,0,0,0,0,0,0,0,0,0,0,0,0,0,0,0,0,0,0,0,0,0,0,0,0,0,0,0,0,0,0,0,0,0,0,0,0,0,0,0,0,0,0,0,0,0,0,0,0,0,0,0,0,0,0,0,0,115,132,1,248
653566,"ENGL 1111: Using Critical Analysis to Explore Issues in an Ever-Changing U.S. Landscape",0,0,0,0,0,0,0,0,0,0,0,0,0,0,0,0,0,0,0,0,0,0,0,0,0,0,0,0,0,0,0,0,0,0,0,0,0,0,7,0,0,0,1,17,0,0,2,5,1,0,0,2,7,0,0,0,0,0,0,0,7,0,1,1,1,2,5,9,2,2,0,0,5,1,2,0,0,3,1,1,0,0,1,2,33,2,0,0,0,0,0,0,3,2,3,3,0,2,0,0,0,5,0,0,0,0,0,0,0,0,0,0,141
98171,"ENGL 2251: British Literature 1",0,0,0,0,0,0,0,2,0,0,0,0,0,0,0,0,0,0,0,0,0,0,0,0,0,0,0,0,0,0,0,1,0,0,0,1,0,0,0,0,0,0,0,0,0,0,0,0,0,0,0,0,0,0,0,0,0,0,0,0,0,0,0,0,0,0,0,0,0,0,0,0,0,0,0,0,0,0,0,0,0,0,0,0,0,0,0,0,0,0,0,0,0,0,0,0,0,0,0,0,0,0,0,0,0,0,0,0,0,0,0,0,4
98173,"ENGL 2252: British Literature 2",0,0,0,0,0,0,0,1,0,0,0,0,0,0,0,0,0,0,0,0,0,0,0,0,0,0,0,0,0,0,0,0,0,0,0,1,0,0,0,0,0,0,0,0,0,0,0,0,0,0,0,0,0,0,0,0,0,0,0,0,0,0,0,0,0,0,0,0,0,0,0,0,0,0,0,0,0,0,0,0,0,0,0,0,0,0,0,0,0,0,0,0,0,0,0,0,0,0,0,0,0,0,0,0,0,0,0,0,0,0,0,0,2
1261725,"ENLT 2225: World Literature - Asia and Middle East",0,0,0,0,0,0,0,0,0,0,0,0,0,0,0,0,0,0,0,0,0,0,0,0,0,0,0,0,0,0,0,0,0,0,0,0,0,0,0,0,0,0,0,0,0,0,0,0,0,0,0,0,0,0,0,0,0,0,0,0,0,0,0,0,0,0,0,0,0,0,0,0,0,0,0,0,0,0,0,0,0,0,0,0,0,0,0,0,0,0,0,0,0,0,0,0,0,0,0,0,0,0,0,48,142,47,19,18,2,0,0,0,276
1120268,"ENLT 2226: World Literature - Europe, Africa, Latin America",0,0,0,0,0,0,0,0,0,0,0,0,0,0,0,0,0,0,0,0,0,0,0,0,0,0,0,0,0,0,0,0,0,0,0,0,0,0,0,0,0,0,0,0,0,0,0,0,0,0,0,0,0,0,0,0,0,0,0,0,0,0,0,0,0,0,0,0,0,0,0,0,0,0,0,0,0,0,0,0,0,0,0,0,47,6,63,4,0,0,0,2,0,0,1,0,0,0,0,5,0,0,20,0,0,0,0,0,0,0,0,0,148
1004960,"ESOL 0052 - Reading 5",0,0,0,0,0,0,0,0,0,0,0,0,0,0,0,0,0,0,0,0,0,0,0,0,0,0,0,0,0,0,0,0,0,0,0,0,0,0,0,0,0,0,0,0,0,0,0,0,0,0,0,0,0,0,0,0,0,0,0,0,0,0,0,0,0,0,0,0,0,0,0,0,26,15,0,2,0,0,0,0,0,0,0,0,0,0,0,0,0,0,2,0,13,0,0,0,0,0,0,0,0,0,0,0,0,0,0,0,0,0,0,0,58
98149,Education,0,0,29,20,12,2,26,17,16,13,9,32,29,6,19,3,0,4,0,29,13,3,2,37,10,3,18,1,8,0,14,11,4,19,0,13,24,5,3,2,16,0,32,19,9,17,19,6,20,42,16,0,5,10,3,21,23,14,24,4,67,19,5,9,23,15,6,15,17,11,0,8,19,2,6,13,6,24,5,42,11,9,5,16,5,0,12,0,9,1,8,16,4,3,0,4,1,2,0,0,3,6,0,7,0,0,0,8,9,1,2,0,1210
98148,Elections,0,0,18,4,0,0,0,0,0,0,0,17,4,0,1,0,0,0,0,0,0,0,3,12,5,0,1,0,0,0,1,15,1,0,0,0,0,2,1,0,0,0,11,7,0,1,0,11,0,0,0,0,0,0,0,5,17,0,0,0,1,8,1,0,0,0,0,1,1,4,0,6,0,0,0,4,0,7,49,2,0,0,0,0,0,0,0,0,0,0,0,0,0,0,0,0,0,0,0,0,0,0,59,54,46,34,1,0,1,1,0,0,417
98147,"English (Writing)",0,4,43,12,75,39,2,42,19,13,37,38,38,38,23,12,26,15,16,38,16,40,2,21,20,18,42,0,48,4,58,40,19,20,1,27,15,16,19,2,13,12,50,157,30,37,8,46,84,49,57,14,4,1,16,21,149,30,11,27,17,27,29,14,43,12,6,62,97,172,60,23,78,21,25,4,20,13,6,81,27,11,5,48,85,10,7,3,31,8,24,34,19,7,0,29,51,28,12,2,8,10,4,53,6,7,18,19,15,13,9,0,3187
98146,"Environmental Science",0,0,24,5,19,11,0,23,0,5,2,1,5,2,3,9,5,0,0,14,2,2,0,2,7,0,3,0,4,0,0,10,0,2,1,9,2,0,0,1,1,15,15,69,26,17,7,19,26,10,29,25,8,6,1,56,40,12,16,11,33,11,17,10,2,8,1,111,22,11,6,43,31,15,6,4,15,13,0,80,17,3,2,35,27,201,65,14,2,0,7,15,6,0,2,9,10,7,17,3,1,5,1,31,0,1,0,13,18,0,5,0,1538
98145,Ethics,0,0,6,5,1,0,1,57,9,2,0,10,15,4,7,0,1,0,0,21,1,4,0,15,2,5,1,2,0,0,1,4,3,0,0,13,9,14,12,1,3,5,27,19,33,12,5,23,23,13,26,10,19,23,26,28,25,29,1,8,15,21,1,9,13,11,4,18,22,8,5,27,40,63,21,0,18,15,15,19,52,54,0,22,21,25,6,5,5,36,30,5,3,14,1,13,2,6,1,0,0,0,7,4,6,4,0,16,14,13,8,0,1302
1225801,"FYST--First Year Experience Student Transitions",0,0,0,0,0,0,0,0,0,0,0,0,0,0,0,0,0,0,0,0,0,0,0,0,0,0,0,0,0,0,0,0,0,0,0,0,0,0,0,0,0,0,0,0,0,0,0,0,0,0,0,0,0,0,0,0,0,0,0,0,0,0,0,0,0,0,0,0,0,0,0,0,0,0,0,0,0,0,0,0,0,0,0,0,0,0,0,0,0,0,0,0,0,0,0,0,0,0,0,0,0,0,0,0,0,0,0,0,0,0,0,0,0
98159,"Faculty Resources and Services",0,0,6,13,6,0,13,9,0,2,5,6,1,3,5,1,2,7,10,43,21,29,8,27,67,29,22,31,2,4,12,32,13,32,15,8,17,11,12,36,30,18,53,14,43,10,9,48,20,12,20,2,1,4,17,38,8,25,6,18,20,19,27,46,4,17,8,20,13,30,28,21,21,26,8,21,30,27,90,45,13,9,18,49,25,7,19,3,16,6,25,52,46,4,1,2,4,1,0,2,7,2,6,6,1,4,1,8,4,0,0,0,1818
1198498,"Fake News &amp; Misinformation:",0,0,0,0,0,0,0,0,0,0,0,0,0,0,0,0,0,0,0,0,0,0,0,0,0,0,0,0,0,0,0,0,0,0,0,0,0,0,0,0,0,0,0,0,0,0,0,0,0,0,0,0,0,0,0,0,0,0,0,0,0,0,0,0,0,0,0,0,0,0,0,0,0,0,0,0,0,0,0,0,0,0,0,0,0,0,0,0,0,0,0,0,0,0,0,0,0,0,0,0,0,0,0,0,0,0,0,0,0,0,0,0,0
134693,"Featured Resources: Aging",0,0,0,0,0,0,0,35,1,0,0,0,0,0,0,0,0,0,0,0,0,1,0,0,0,0,0,0,0,0,0,0,0,0,0,0,0,0,0,0,0,0,0,0,0,2,0,0,0,0,0,0,0,0,0,6,0,0,0,0,0,0,0,0,1,0,0,0,0,0,0,0,0,1,0,1,0,0,0,3,0,0,0,0,1,0,0,0,0,0,0,1,0,0,1,1,1,0,0,2,0,0,0,0,0,0,0,0,0,0,0,0,58
1064692,"Find Resources",0,0,0,0,0,0,0,0,0,0,0,0,0,0,0,0,0,0,0,0,0,0,0,0,0,0,0,0,0,0,0,0,0,0,0,0,0,0,0,0,0,0,0,0,0,0,0,0,0,0,0,0,0,0,0,0,0,0,0,0,0,0,0,0,0,0,0,0,0,0,0,0,0,0,0,0,0,0,1191,5835,4778,4018,2696,2911,4681,3247,2913,1690,1180,1895,1848,3949,3223,2522,1831,1704,3337,2308,2552,1079,1086,2189,2058,3725,3437,2238,1365,2995,3026,2481,2269,61,88318
98131,"Food & Nutrition",0,3,2,5,5,0,0,10,2,8,0,55,45,15,3,1,1,0,0,37,10,8,4,12,12,12,1,14,8,2,9,2,2,0,3,3,6,8,0,0,3,4,6,51,34,14,6,29,44,23,35,0,2,0,0,7,16,8,0,3,14,50,13,0,12,15,0,4,65,4,8,4,4,2,0,1,0,0,0,19,28,3,0,1,13,3,9,9,4,0,0,6,1,7,0,4,15,3,0,1,0,7,0,10,24,4,1,0,7,7,0,0,975
137438,"GLOS 1190: World Religions",0,0,0,0,0,0,0,0,0,0,0,0,0,0,0,0,0,0,0,0,0,0,0,0,0,0,0,0,0,0,0,0,0,0,0,0,0,0,0,0,0,0,19,12,49,2,24,26,0,4,12,11,104,207,27,1,13,9,0,17,16,55,33,39,55,70,5,0,3,8,2,1,0,0,0,0,27,71,18,25,33,52,8,12,0,0,0,0,77,111,111,0,2,0,0,4,0,0,30,21,0,13,21,0,0,2,34,0,0,1,3,0,1500
1276480,"GLOS 1400: The MN Transform Project",0,0,0,0,0,0,0,0,0,0,0,0,0,0,0,0,0,0,0,0,0,0,0,0,0,0,0,0,0,0,0,0,0,0,0,0,0,0,0,0,0,0,0,0,0,0,0,0,0,0,0,0,0,0,0,0,0,0,0,0,0,0,0,0,0,0,0,0,0,0,0,0,0,0,0,0,0,0,0,0,0,0,0,0,0,0,0,0,0,0,0,0,0,0,0,0,0,0,0,0,0,0,0,0,0,126,6,45,4,26,5,0,212
98176,"GLOS 1600: Southeast Asian Art and Culture",0,0,0,0,0,0,0,37,38,1,1,0,1,0,0,0,0,0,0,13,3,5,2,8,0,0,0,1,1,0,1,1,0,0,0,1,0,0,1,0,0,0,0,0,0,0,0,1,0,0,0,0,0,0,0,0,0,0,0,0,1,0,0,0,0,0,0,0,0,0,0,0,0,0,0,0,0,0,1,0,0,0,0,1,0,0,0,0,0,0,0,0,3,0,0,0,5,0,0,0,0,0,0,0,0,0,0,0,0,0,0,0,127
407370,Geology,0,0,0,0,0,0,0,0,0,0,0,0,0,0,0,0,0,0,0,0,0,0,0,0,0,0,0,0,0,0,0,0,0,0,0,0,0,0,0,0,0,0,0,0,0,0,0,0,0,0,0,0,0,0,0,0,0,0,0,0,0,0,0,0,0,0,0,0,0,0,0,0,0,0,0,0,0,0,0,0,0,0,0,0,0,0,0,0,0,0,0,0,0,0,0,0,0,0,0,0,0,0,0,0,0,0,0,0,0,0,0,0,0
906463,"HLTH 1135:  Fitness Nutrition",0,0,0,0,0,0,0,0,0,0,0,0,0,0,0,0,0,0,0,0,0,0,0,0,0,0,0,0,0,0,0,0,0,0,0,0,0,0,0,0,0,0,0,0,0,0,0,0,0,0,0,0,0,0,0,0,0,0,0,19,7,4,5,0,0,0,0,1,21,4,2,1,2,18,14,0,0,0,0,0,0,1,1,0,0,26,5,0,0,14,0,0,11,12,0,0,2,2,0,0,0,3,0,2,3,6,1,1,5,2,0,0,195
993935,"HLTH 1171:  Human Sexuality",0,0,0,0,0,0,0,0,0,0,0,0,0,0,0,0,0,0,0,0,0,0,0,0,0,0,0,0,0,0,0,0,0,0,0,0,0,0,0,0,0,0,0,0,0,0,0,0,0,0,0,0,0,0,0,0,0,0,0,0,0,0,0,0,0,0,0,0,0,0,0,30,1,0,0,0,6,0,0,0,0,0,0,0,0,0,0,0,0,0,0,0,0,0,0,0,0,0,0,0,0,0,0,0,0,0,0,0,0,0,0,0,37
396736,"HLTH 1505: Introduction to Meditation and Mindfulness",0,0,0,0,0,0,0,0,0,0,0,0,0,0,0,0,0,0,0,0,31,36,13,10,1,78,34,2,2,0,0,8,34,21,0,4,11,23,17,11,0,0,2,11,6,6,6,7,9,3,10,2,0,0,0,5,46,0,1,5,24,21,58,1,0,0,5,0,3,0,0,1,1,13,96,0,0,0,1,18,2,15,2,5,5,50,3,0,0,0,5,1,9,3,0,6,27,0,27,0,0,0,0,0,0,0,0,1,3,1,0,0,862
98125,"Health, Wellness, and Medicine",0,11,27,1,11,1,20,9,12,26,6,24,13,12,4,0,0,4,1,12,7,5,1,3,5,8,1,0,17,1,1,6,0,11,3,19,9,23,7,3,7,1,46,63,60,25,22,52,27,35,15,3,20,0,43,40,70,41,6,19,26,43,20,7,8,12,15,19,28,17,8,17,27,17,35,12,4,7,9,25,32,21,5,8,19,7,14,4,6,12,3,59,17,14,21,11,15,10,3,1,7,3,4,35,11,38,0,14,4,6,4,0,1683
416540,"INFS 1000: Information Literacy & Research Skills Course Material",0,0,0,0,0,0,0,0,0,0,0,0,0,0,0,0,0,0,0,0,0,0,0,0,23,103,48,39,47,51,75,33,38,39,31,40,30,19,27,121,47,55,62,18,23,14,8,14,9,3,22,12,4,11,8,2,14,17,6,29,4,19,8,8,17,174,10,22,19,5,15,10,14,0,1,1,4,5,4,3,5,5,16,1,17,6,2,3,0,5,6,7,17,6,0,1,1,0,6,7,0,6,3,6,8,11,2,8,9,7,2,0,1658
1257722,"Inclusive Language",0,0,0,0,0,0,0,0,0,0,0,0,0,0,0,0,0,0,0,0,0,0,0,0,0,0,0,0,0,0,0,0,0,0,0,0,0,0,0,0,0,0,0,0,0,0,0,0,0,0,0,0,0,0,0,0,0,0,0,0,0,0,0,0,0,0,0,0,0,0,0,0,0,0,0,0,0,0,0,0,0,0,0,0,0,0,0,0,0,0,0,0,0,0,0,0,0,0,0,0,0,0,0,262,19,2,6,0,1,3,4,0,297
1227380,"Indigenous Environmentalism",0,0,0,0,0,0,0,0,0,0,0,0,0,0,0,0,0,0,0,0,0,0,0,0,0,0,0,0,0,0,0,0,0,0,0,0,0,0,0,0,0,0,0,0,0,0,0,0,0,0,0,0,0,0,0,0,0,0,0,0,0,0,0,0,0,0,0,0,0,0,0,0,0,0,0,0,0,0,0,0,0,0,0,0,0,0,0,0,0,0,0,0,0,0,0,0,0,0,113,25,0,13,0,5,4,0,0,1,10,0,8,0,179
98144,"LGBTQI Resources",0,4,14,11,0,9,1,14,0,0,0,6,5,8,1,0,4,5,1,14,1,1,0,1,2,4,3,0,11,11,2,3,4,0,1,17,14,1,2,3,0,0,7,3,12,31,18,23,26,0,9,6,20,0,2,26,16,2,3,0,31,9,36,3,4,16,0,46,5,4,3,11,10,0,10,5,7,3,1,12,15,10,28,2,21,16,1,1,1,2,9,10,5,2,1,2,8,13,6,0,7,26,0,4,30,3,4,9,9,0,5,0,848
628328,"LIT Student Guide to Hennepin County Library",0,0,0,0,0,0,0,0,0,0,0,0,0,0,0,0,0,0,0,0,0,0,0,0,0,0,0,0,0,0,0,0,0,0,0,0,0,0,0,3,0,0,13,0,19,0,0,0,0,0,0,0,0,0,0,2,0,0,0,0,0,0,0,0,0,0,0,0,0,0,0,0,0,0,0,0,0,0,0,0,0,0,0,3,0,0,0,0,0,0,0,0,0,0,0,0,0,0,0,0,0,0,0,0,0,0,0,0,0,0,0,0,40
472135,"Labor History",0,0,0,0,0,0,0,0,0,0,0,0,0,0,0,0,0,0,0,0,0,0,0,0,0,0,0,0,0,0,0,0,0,0,0,0,0,0,0,0,0,0,0,0,0,0,0,0,0,0,0,0,0,0,0,0,0,0,0,0,0,0,0,0,0,0,0,0,0,0,0,0,0,0,0,0,0,0,0,0,0,8,0,0,0,0,0,0,0,0,0,0,0,0,0,0,0,0,0,0,0,0,0,0,44,7,0,1,10,0,0,0,70
98143,"Language Learning",0,0,0,0,1,0,0,2,0,0,0,0,0,0,14,0,0,0,0,3,1,0,2,6,5,7,10,0,6,0,0,0,0,0,0,0,5,1,0,0,0,1,3,24,1,6,1,2,7,1,5,2,0,0,2,18,0,2,9,3,9,25,4,3,2,6,0,3,5,22,1,2,8,0,4,6,7,2,0,6,3,7,10,1,0,0,1,0,4,3,6,4,0,0,0,3,0,1,1,4,11,0,1,0,0,0,0,3,0,1,0,0,329
831853,"Library Resource Accessibility",0,0,0,0,0,0,0,0,0,0,0,0,0,0,0,0,0,0,0,0,0,0,0,0,0,0,0,0,0,0,0,0,0,0,0,0,0,0,0,0,0,0,0,0,0,0,0,0,0,0,23,35,0,9,1,3,1,0,1,1,0,1,1,1,0,0,1,1,0,0,0,0,0,0,0,0,0,0,0,0,0,0,0,0,0,0,0,0,0,0,0,0,0,0,0,0,0,0,0,0,0,0,0,0,0,0,0,0,0,0,0,0,79
98142,Literature,0,0,12,0,0,2,1,19,0,3,0,222,0,7,1,0,1,0,8,16,0,6,6,4,2,0,5,0,1,0,4,0,2,0,3,2,0,7,3,1,7,0,7,3,4,12,6,13,3,3,3,6,2,4,1,37,45,2,0,0,1,5,0,6,2,4,3,16,14,5,17,14,3,0,4,1,45,26,3,8,12,5,0,8,4,8,3,3,0,7,10,11,1,12,7,6,0,5,5,9,0,2,18,0,0,0,0,4,2,1,2,0,818
1236489,"Local News &amp; Information",0,0,0,0,0,0,0,0,0,0,0,0,0,0,0,0,0,0,0,0,0,0,0,0,0,0,0,0,0,0,0,0,0,0,0,0,0,0,0,0,0,0,0,0,0,0,0,0,0,0,0,0,0,0,0,0,0,0,0,0,0,0,0,0,0,0,0,0,0,0,0,0,0,0,0,0,0,0,0,0,0,0,0,0,0,0,0,0,0,0,0,0,0,0,0,0,0,0,0,32,0,11,0,0,18,16,0,0,6,0,0,0,83
98169,"MUSC 1000: Introduction to Music",0,0,3,3,24,0,2,0,0,0,0,0,1,0,0,0,0,0,0,6,0,0,0,2,0,0,0,0,0,0,7,0,1,0,0,9,1,0,0,0,1,0,0,8,0,0,1,5,0,0,0,0,0,0,0,1,0,1,0,5,1,0,0,0,0,0,0,5,0,0,2,3,0,0,0,0,0,0,1,0,0,0,0,0,1,0,0,0,0,0,0,0,8,1,0,0,0,0,0,1,0,0,0,0,0,0,0,0,0,0,0,0,104
98168,"MUSC 1020: American Popular Music 2",0,0,6,0,0,0,1,0,0,0,0,3,0,0,44,6,26,0,0,0,0,0,0,7,0,0,0,0,0,0,1,0,0,0,0,5,0,0,0,0,0,0,0,1,0,0,0,1,1,0,0,0,0,7,0,0,0,0,0,0,0,0,0,0,0,0,0,5,0,0,0,0,0,0,0,0,0,0,0,0,0,0,0,0,1,0,0,0,0,0,0,0,8,1,0,0,0,0,0,1,0,0,0,0,0,0,0,0,0,0,0,0,125
754105,Mathematics,0,0,0,0,0,0,0,0,0,0,0,0,0,0,0,0,0,0,0,0,0,0,0,0,0,0,0,0,0,0,0,0,0,0,0,0,0,0,0,0,0,0,0,0,0,20,6,19,1,2,8,3,1,1,5,10,0,1,0,2,4,0,4,9,8,0,15,3,4,8,3,1,2,0,0,5,0,0,0,1,6,2,1,0,2,5,3,0,0,9,1,0,0,2,3,16,1,1,0,1,7,0,1,5,0,0,0,6,2,0,0,0,220
864366,"Mental Health",0,0,0,0,0,0,0,0,0,0,0,0,0,0,0,0,0,0,0,0,0,0,0,0,0,0,0,0,0,0,0,0,0,0,0,0,0,0,0,0,0,0,0,0,0,0,0,0,0,0,0,0,0,0,6,77,62,6,15,0,1,8,6,0,4,0,2,4,19,0,1,1,1,2,0,18,2,1,0,20,15,4,2,0,15,0,0,0,0,1,0,22,9,4,37,3,8,2,12,4,48,0,0,10,2,0,2,10,6,0,1,0,473
1233176,"Minneapolis College Authors",0,0,0,0,0,0,0,0,0,0,0,0,0,0,0,0,0,0,0,0,0,0,0,0,0,0,0,0,0,0,0,0,0,0,0,0,0,0,0,0,0,0,0,0,0,0,0,0,0,0,0,0,0,0,0,0,0,0,0,0,0,0,0,0,0,0,0,0,0,0,0,0,0,0,0,0,0,0,0,0,0,0,0,0,0,0,0,0,0,0,0,0,0,0,0,0,0,0,0,0,0,0,0,0,0,0,0,0,0,0,0,0,0
1233173,Months,0,0,0,0,0,0,0,0,0,0,0,0,0,0,0,0,0,0,0,0,0,0,0,0,0,0,0,0,0,0,0,0,0,0,0,0,0,0,0,0,0,0,0,0,0,0,0,0,0,0,0,0,0,0,0,0,0,0,0,0,0,0,0,0,0,0,0,0,0,0,0,0,0,0,0,0,0,0,0,0,0,0,0,0,0,0,0,0,0,0,0,0,0,0,0,0,0,0,0,0,0,0,0,0,0,0,0,0,0,0,0,0,0
98141,Music,0,5,9,0,0,7,13,15,1,2,3,32,2,0,14,1,0,0,1,0,0,3,0,25,2,3,3,0,2,1,13,0,1,0,0,9,22,1,1,2,7,1,1,27,4,4,2,43,9,9,1,8,11,12,2,7,3,8,0,21,34,10,2,0,0,2,1,11,3,7,1,42,1,7,2,0,1,0,0,19,1,3,1,18,4,1,1,0,2,11,13,2,0,0,1,5,1,1,2,0,11,0,0,0,0,0,0,13,2,0,0,0,609
163756,"NPRO 1000/1010:  Introduction to Health Concepts",0,0,0,0,0,0,0,0,0,246,185,14,5,3,1,0,0,0,0,7,33,178,50,147,36,112,7,2,2,0,109,439,198,62,3,255,30,125,7,1,16,93,21,184,91,17,12,212,45,68,14,9,9,28,73,336,92,130,5,409,100,266,235,8,2,6,110,433,168,127,18,511,204,53,60,48,0,3,48,265,90,140,13,64,439,129,116,3,1,2,43,159,233,89,1,111,192,68,100,13,0,3,60,92,92,86,17,44,183,68,138,0,9575
214276,"NPRO 1100: Wellness-Illness Concepts Across the Lifespan",0,0,0,0,0,0,0,0,0,0,0,9,133,477,226,2,17,0,0,6,4,28,20,70,98,82,25,0,0,0,2,37,43,9,3,3,31,79,61,0,0,0,4,108,84,17,3,20,71,21,0,11,15,0,22,98,46,6,0,16,130,122,3,0,0,0,46,162,241,4,0,61,121,56,7,1,0,0,16,463,117,1,3,75,140,125,4,0,0,0,66,268,289,6,3,100,306,41,23,2,1,0,55,206,93,1,8,67,170,59,0,0,5669
588162,"NPRO 2000 -  Complex Health Concepts",0,0,0,0,0,0,0,0,0,0,0,0,0,0,0,0,0,0,0,0,0,0,0,0,0,0,0,0,0,0,0,0,0,11,3,6,16,0,22,0,0,0,12,1,55,29,5,7,68,31,15,0,0,0,7,23,19,8,0,1,1,65,12,4,0,0,1,6,21,51,0,11,1,3,58,0,0,0,2,0,7,44,1,73,1,34,43,0,0,0,15,19,21,13,4,30,1,85,76,0,0,0,2,26,18,14,1,8,3,12,4,0,1130
227917,"NPRO 2100 - Synthesis of Health Concepts in Nursing",0,0,0,0,0,0,0,0,0,0,0,0,0,58,12,0,0,0,0,3,17,37,0,51,81,27,9,0,0,0,1,25,11,8,0,8,4,0,4,0,1,0,3,3,3,1,0,17,5,2,11,0,0,0,0,9,12,0,3,1,16,5,10,4,1,0,0,37,10,4,0,37,30,26,11,6,3,0,12,91,34,11,3,72,95,111,4,5,0,0,52,256,258,45,0,33,5,6,2,0,0,0,22,17,22,16,24,24,5,7,0,0,1859
445379,"NPRO 2300 - Trends and Issues in Nursing",0,0,0,0,0,0,0,0,0,0,0,0,0,0,0,0,0,0,0,0,0,0,0,23,66,15,2,0,0,0,1,7,2,3,0,5,0,0,4,0,0,0,3,0,4,3,0,1,10,1,0,0,2,0,1,5,3,0,0,2,5,0,12,0,0,0,1,3,19,0,0,0,0,0,0,0,0,0,1,4,8,1,1,2,1,0,3,0,0,0,0,0,1,1,0,2,3,2,0,2,0,0,2,0,1,0,5,0,0,0,0,0,243
98172,"Nelson Mandela",0,0,0,0,0,0,0,0,0,0,0,0,0,0,0,0,0,0,0,0,0,0,0,0,0,0,0,0,0,0,0,0,0,0,0,0,0,2,7,1,0,0,142,51,29,2,0,0,0,5,1,1,1,8,14,41,15,0,6,0,0,1,0,0,0,0,0,6,0,0,0,1,0,0,0,5,0,0,0,0,0,0,0,0,0,0,0,0,0,0,0,0,0,0,0,6,0,0,0,1,0,0,0,0,0,0,0,0,0,0,0,0,346
1277666,"Noam Chomsky",0,0,0,0,0,0,0,0,0,0,0,0,0,0,0,0,0,0,0,0,0,0,0,0,0,0,0,0,0,0,0,0,0,0,0,0,0,0,0,0,0,0,0,0,0,0,0,0,0,0,0,0,0,0,0,0,0,0,0,0,0,0,0,0,0,0,0,0,0,0,0,0,0,0,0,0,0,0,0,0,0,0,0,0,0,0,0,0,0,0,0,0,0,0,0,0,0,0,0,0,0,0,0,0,15,3,1,1,2,2,2,0,26
98122,Nursing,0,2,4,4,0,1,16,24,30,44,50,71,21,88,42,3,2,15,28,21,50,73,63,169,53,48,49,24,21,4,33,59,25,25,43,27,33,78,35,21,16,12,88,148,166,91,17,162,108,96,83,30,43,21,74,215,113,88,23,191,162,138,62,26,24,10,95,250,115,117,11,198,282,286,159,158,91,101,283,465,270,85,103,152,269,203,95,90,80,124,197,199,181,156,234,230,167,162,153,49,101,93,197,145,146,129,88,157,151,183,89,5,10900
603210,"PHED 1108 - Beginning Yoga",0,0,0,0,0,0,0,0,0,0,0,0,0,0,0,0,0,0,0,0,0,0,0,0,0,0,0,0,0,0,0,0,0,0,8,40,102,32,5,0,0,0,38,13,74,4,0,36,103,1,0,0,0,0,7,34,104,0,1,3,41,55,0,2,0,0,5,119,119,0,1,42,69,57,0,0,0,0,11,32,67,18,0,25,62,4,0,0,0,6,0,8,3,37,0,18,15,49,27,6,1,27,2,0,3,12,3,0,0,2,0,0,1553
611552,"PHED 1132 - Relaxation Techniques",0,0,0,0,0,0,0,0,0,0,0,0,0,0,0,0,0,0,0,0,0,0,0,0,0,0,0,0,0,0,0,0,0,0,0,107,45,12,1,3,0,0,3,38,13,7,12,50,87,8,6,0,0,0,6,13,116,13,18,3,12,62,8,2,0,0,5,11,51,24,15,4,69,81,13,8,0,0,0,0,0,0,0,0,0,0,0,0,0,0,0,0,0,0,0,0,0,0,0,0,0,0,0,0,0,0,0,0,0,0,0,0,926
133371,"PHIL 1115: Introduction to Philosophy",0,0,0,0,0,0,0,0,0,0,0,0,0,0,0,0,0,0,0,0,0,0,0,0,0,0,0,0,0,0,0,0,0,0,0,0,0,0,0,0,0,0,0,0,0,0,0,0,0,0,0,0,0,0,0,0,0,0,0,0,0,0,0,0,0,0,0,0,0,0,0,0,0,0,0,0,0,0,0,0,0,0,0,0,0,0,0,0,0,0,0,0,0,0,0,0,0,0,0,0,0,0,0,0,0,0,0,0,0,0,0,0,0
584096,"PHIL 1115: Introduction to Philosophy",0,0,0,0,0,0,0,0,0,0,0,0,0,0,0,0,0,0,0,0,0,0,0,0,0,0,0,0,0,0,0,0,0,0,0,3,9,1,8,0,0,2,24,34,25,25,7,12,0,0,5,0,0,0,7,18,0,0,5,3,1,0,0,0,0,1,0,0,1,0,0,0,5,0,0,0,0,0,0,2,2,0,0,0,0,0,3,0,0,0,0,0,0,6,0,1,0,0,9,0,0,0,0,10,0,0,0,0,0,0,0,0,229
585491,"PHIL 1171: Ethics",0,0,0,0,0,0,0,0,0,0,0,0,0,0,0,0,0,0,0,0,0,0,0,0,0,0,0,0,0,0,0,0,0,0,0,22,52,73,75,2,0,13,12,11,26,19,1,21,2,2,8,0,0,0,9,8,8,0,0,5,5,5,2,0,0,0,1,14,1,0,0,2,9,2,0,0,1,5,0,0,10,0,0,0,18,17,0,13,0,4,0,0,0,1,1,1,0,1,6,0,0,4,0,0,0,0,0,0,0,0,0,0,492
149074,"PHIL 2115: Asian Philosophy",0,0,0,0,0,0,0,0,0,0,0,0,0,0,0,0,0,0,0,0,0,0,0,0,0,0,0,0,0,0,0,0,0,0,0,0,0,0,0,0,0,0,0,0,0,1,3,7,20,30,12,0,0,0,6,12,18,0,2,0,1,0,0,0,0,0,0,0,5,0,0,0,0,0,0,0,0,0,0,30,8,1,0,0,0,0,0,0,0,0,0,0,0,1,0,0,0,0,5,0,0,0,0,0,0,0,0,0,0,0,0,0,162
98162,"PHIL 2121: Medical Ethics",0,54,21,5,0,0,0,14,7,0,2,6,0,4,0,0,0,0,1,0,3,40,14,1,2,9,0,4,0,0,0,1,0,0,6,4,2,0,3,7,1,0,7,1,0,7,20,1,2,0,19,2,2,0,0,0,0,0,0,0,0,1,0,0,0,0,0,0,25,1,0,0,2,0,0,0,0,2,0,1,0,0,0,0,0,7,0,0,0,7,0,0,0,3,0,2,0,0,1,0,0,0,0,0,0,0,0,0,0,0,0,0,324
751329,"PHIL 2181 Social Ethics",0,0,0,0,0,0,0,0,0,0,0,0,0,0,0,0,0,0,0,0,0,0,0,0,0,0,0,0,0,0,0,0,0,0,0,0,0,0,0,0,0,0,0,0,0,0,0,0,0,0,0,0,0,0,0,0,0,0,0,0,0,0,0,0,0,0,0,0,0,0,0,0,0,0,0,0,0,0,0,0,0,0,0,0,0,0,0,0,0,0,0,0,0,0,0,0,0,0,0,0,0,0,0,0,0,0,0,0,0,0,0,0,0
974603,"PHIL 2215: Feminist Philosophy",0,0,0,0,0,0,0,0,0,0,0,0,0,0,0,0,0,0,0,0,0,0,0,0,0,0,0,0,0,0,0,0,0,0,0,0,0,0,0,0,0,0,0,0,0,0,0,0,0,0,0,0,0,0,0,0,0,0,0,0,0,0,0,0,0,0,0,0,67,3,0,1,0,0,0,0,0,0,8,0,0,0,0,0,0,7,0,7,0,0,0,0,0,2,0,3,0,0,1,0,0,0,0,0,0,0,0,0,0,0,0,0,99
98134,Philosophy,0,0,34,4,0,1,15,42,5,5,1,9,0,1,3,0,0,0,3,25,7,1,5,18,15,8,4,1,0,2,7,3,0,0,14,11,6,15,17,9,4,6,5,21,9,10,3,13,8,11,27,9,1,6,1,22,17,4,11,3,17,5,3,10,1,1,14,33,18,8,1,0,5,15,3,0,15,1,16,15,53,0,1,17,43,7,9,1,4,10,12,14,7,1,6,13,56,13,37,12,0,0,0,7,2,5,0,1,7,2,1,0,1004
141502,Pirates,0,0,0,0,0,0,0,2,0,0,0,0,0,0,0,0,0,0,0,1,0,0,0,0,0,0,0,0,0,0,0,0,0,0,0,1,1,1,0,0,0,0,0,0,0,2,0,0,0,1,2,1,0,3,0,0,9,0,0,0,1,34,1,0,0,0,0,0,36,0,0,1,4,1,0,1,0,0,0,20,24,2,0,0,5,1,2,0,0,0,1,0,1,0,0,3,1,3,2,0,0,0,0,0,0,0,0,0,0,0,0,0,168
98135,Poetry,0,0,0,0,0,0,0,1,2,0,0,11,1,0,6,0,0,0,0,1,0,1,0,2,0,0,9,0,0,0,1,0,0,0,0,0,1,0,0,0,0,0,7,6,2,3,0,0,5,1,0,1,6,0,1,7,0,1,0,0,1,0,0,0,0,0,0,0,0,0,0,3,1,0,0,3,0,1,0,9,0,0,0,0,0,0,0,0,0,0,0,0,0,0,0,2,1,0,1,2,8,0,0,0,0,0,5,0,1,0,0,0,114
98136,"Politics, Government, & Law",0,4,38,3,1,4,0,26,17,15,9,4,44,2,14,1,1,0,2,14,4,1,5,18,12,19,2,1,2,9,8,33,4,3,0,9,12,12,0,9,12,6,35,62,15,17,26,21,11,33,12,10,2,7,8,34,9,24,4,8,27,20,14,1,30,16,4,16,21,107,20,14,12,5,14,14,1,5,6,28,20,12,16,25,23,5,4,2,0,1,2,4,13,0,3,1,11,5,19,1,0,1,7,8,4,3,0,0,10,1,1,1,1296
842076,Prince,0,0,0,0,0,0,0,0,0,0,0,0,0,0,0,0,0,0,0,0,0,0,0,0,0,0,0,0,0,0,0,0,0,0,0,0,0,0,0,0,0,0,0,0,0,0,0,0,0,0,0,0,0,0,0,0,0,0,0,0,0,0,0,0,0,0,0,0,0,0,0,0,0,0,0,0,0,0,0,0,0,0,0,0,0,0,0,0,0,0,0,0,0,0,0,0,0,0,0,0,0,0,0,0,0,0,0,0,0,0,0,0,0
98137,Psychology,0,0,10,0,4,10,0,3,1,16,3,22,10,10,2,0,7,5,0,15,1,17,11,10,2,0,2,0,3,0,0,16,1,12,0,12,3,5,1,0,0,3,18,43,37,27,9,11,33,13,17,5,20,3,4,26,22,11,10,14,64,16,14,17,5,18,11,30,49,10,9,6,29,21,6,5,8,5,6,11,13,20,4,0,11,0,3,6,3,9,12,7,4,5,6,5,7,12,3,17,0,6,3,1,3,0,1,3,0,0,2,0,1046
931916,"READ 0100:  Reading 1",0,0,0,0,0,0,0,0,0,0,0,0,0,0,0,0,0,0,0,0,0,0,0,0,0,0,0,0,0,0,0,0,0,0,0,0,0,0,0,0,0,0,0,0,0,0,0,0,0,0,0,0,0,0,0,0,0,0,0,0,0,0,7,8,0,0,31,5,0,0,3,19,0,1,2,0,5,0,0,8,4,0,0,5,0,0,0,0,3,0,6,0,0,3,0,3,4,0,0,0,0,0,0,2,1,0,0,0,1,0,0,0,121
98120,"READ 1300: Critical Reading of Academic Texts - Focus on Food Issues",0,0,95,43,1,0,2,1,3,1,0,1,0,3,7,0,0,0,0,1,7,3,0,10,0,2,0,5,0,0,0,0,0,1,1,7,0,0,0,0,0,0,1,0,5,1,1,5,0,0,0,0,0,1,0,3,1,0,0,0,4,0,1,0,0,0,0,0,0,1,0,0,0,0,0,0,0,0,0,10,0,0,0,2,0,0,1,0,0,0,1,0,0,5,0,0,0,0,0,0,0,0,0,0,0,0,0,0,0,0,0,0,237
98178,"READ 1300: Critical Reading of Academic Texts - Focus on Health Care Reform",0,0,0,0,0,0,0,0,0,0,0,0,0,0,0,0,0,0,0,0,0,0,0,0,0,0,0,0,0,0,0,0,0,0,0,0,0,0,0,0,0,0,0,0,0,0,0,0,0,0,0,0,0,0,0,0,0,0,0,0,0,0,0,0,0,0,0,0,0,0,0,0,0,0,0,0,0,0,0,0,0,0,0,0,0,0,0,0,0,0,0,0,0,0,0,0,0,0,0,0,0,0,0,0,0,0,0,0,0,0,0,0,0
738044,"Reading for Interest",0,0,0,0,0,0,0,0,0,0,0,0,0,0,0,0,0,0,0,0,0,0,0,0,0,0,0,0,0,0,0,0,0,0,0,0,0,0,0,0,0,0,0,0,0,0,0,0,8,23,26,10,1,6,16,42,10,27,3,13,20,2,17,33,6,9,7,14,12,31,6,62,7,2,15,7,2,3,4,18,21,7,0,2,6,3,0,0,0,2,22,4,1,3,0,7,22,6,49,32,72,53,22,27,22,23,38,17,47,15,25,1,1011
1082522,"Research 101",0,0,0,0,0,0,0,0,0,0,0,0,0,0,0,0,0,0,0,0,0,0,0,0,0,0,0,0,0,0,0,0,0,0,0,0,0,0,0,0,0,0,0,0,0,0,0,0,0,0,0,0,0,0,0,0,0,0,0,0,0,0,0,0,0,0,0,0,0,0,0,0,0,0,0,0,0,0,0,0,72,18,208,151,42,34,124,44,24,26,125,388,103,38,9,196,258,87,27,9,101,56,48,223,49,25,11,109,42,43,9,0,2699
1230453,"Restorative Justice",0,0,0,0,0,0,0,0,0,0,0,0,0,0,0,0,0,0,0,0,0,0,0,0,0,0,0,0,0,0,0,0,0,0,0,0,0,0,0,0,0,0,0,0,0,0,0,0,0,0,0,0,0,0,0,0,0,0,0,0,0,0,0,0,0,0,0,0,0,0,0,0,0,0,0,0,0,0,0,0,0,0,0,0,0,0,0,0,0,0,0,0,0,0,0,0,0,0,32,7,1,9,3,0,9,0,6,0,3,0,1,0,71
98155,"SNDA 1360: History and Literature of Sound Arts",0,0,2,0,1,1,1,4,0,0,0,156,0,0,0,0,0,0,0,0,0,0,0,329,3,4,3,0,0,0,0,0,0,0,0,151,0,0,0,0,0,18,3,15,0,0,0,235,0,0,0,0,0,7,0,1,31,0,0,137,48,87,4,0,0,0,0,0,85,0,0,157,1,0,0,0,0,0,1,33,49,4,0,191,11,2,2,0,0,0,0,0,0,4,1,89,0,0,1,0,0,0,0,2,1,0,0,104,0,0,0,0,1979
98138,Sociology,0,3,19,5,3,1,0,7,1,44,9,28,11,6,1,2,0,4,0,0,4,2,0,13,3,4,4,2,2,1,3,8,5,5,1,24,4,5,0,2,2,0,21,24,7,18,5,9,10,8,6,11,5,5,11,2,35,8,7,4,3,5,1,0,1,0,6,7,17,8,3,3,4,1,13,1,0,4,0,10,9,9,3,0,13,0,7,2,18,8,4,2,5,1,0,2,3,1,0,2,22,5,0,5,4,1,0,1,0,0,1,0,649
1253659,"Study Skills",0,0,0,0,0,0,0,0,0,0,0,0,0,0,0,0,0,0,0,0,0,0,0,0,0,0,0,0,0,0,0,0,0,0,0,0,0,0,0,0,0,0,0,0,0,0,0,0,0,0,0,0,0,0,0,0,0,0,0,0,0,0,0,0,0,0,0,0,0,0,0,0,0,0,0,0,0,0,0,0,0,0,0,0,0,0,0,0,0,0,0,0,0,0,0,0,0,0,0,0,0,0,0,0,0,0,0,0,0,0,0,0,0
974613,"TEST PHIL 2215: Feminist Philosophy",0,0,0,0,0,0,0,0,0,0,0,0,0,0,0,0,0,0,0,0,0,0,0,0,0,0,0,0,0,0,0,0,0,0,0,0,0,0,0,0,0,0,0,0,0,0,0,0,0,0,0,0,0,0,0,0,0,0,0,0,0,0,0,0,0,0,0,0,0,0,0,0,0,0,0,0,0,0,0,0,0,0,0,0,0,0,0,0,0,0,0,0,0,0,0,0,0,0,0,0,0,0,0,0,0,0,0,0,0,0,0,0,0
98139,"Theater Arts",0,0,0,0,1,0,1,6,7,7,0,0,0,0,1,0,0,0,0,2,0,3,0,8,0,0,3,0,4,0,0,0,0,0,0,2,0,1,0,1,0,0,11,1,0,10,0,3,5,10,1,3,2,1,0,4,1,3,0,0,0,0,0,1,1,0,0,1,0,0,4,7,1,2,1,0,0,0,9,2,3,1,0,0,1,0,0,0,0,7,0,8,2,0,0,0,0,0,0,0,0,0,1,0,2,0,1,4,0,0,0,0,161
541080,"Traditional and Alternative Educational Materials",0,0,0,0,0,0,0,0,0,0,0,0,0,0,0,0,0,0,0,0,0,0,0,0,0,0,0,0,0,0,105,171,27,28,11,8,36,50,18,24,28,1,8,3,0,12,3,5,20,31,6,8,9,1,1,0,24,2,4,7,6,5,15,5,2,1,15,10,1,5,10,12,3,8,5,19,6,6,33,9,2,12,16,15,9,2,1,3,11,3,21,19,0,5,5,14,2,6,4,3,1,12,17,1,11,1,6,12,0,8,2,0,1051
628329,Welding,0,0,0,0,0,0,0,0,0,0,0,0,0,0,0,0,0,0,0,0,0,0,0,0,0,0,0,0,0,0,0,0,0,0,0,0,0,0,0,0,0,0,0,0,0,0,0,0,0,0,0,0,0,0,0,0,0,0,0,0,0,0,0,0,0,0,0,0,0,0,0,0,0,0,0,0,0,0,0,0,0,0,0,0,0,0,0,0,0,0,0,0,0,0,0,0,0,0,0,0,0,0,0,0,0,0,0,0,0,0,0,0,0
1214357,Werewolves,0,0,0,0,0,0,0,0,0,0,0,0,0,0,0,0,0,0,0,0,0,0,0,0,0,0,0,0,0,0,0,0,0,0,0,0,0,0,0,0,0,0,0,0,0,0,0,0,0,0,0,0,0,0,0,0,0,0,0,0,0,0,0,0,0,0,0,0,0,0,0,0,0,0,0,0,0,0,0,0,0,0,0,0,0,0,0,0,0,0,0,0,0,0,0,0,0,0,0,2,0,0,0,0,0,0,0,0,0,0,0,0,2
98140,"Women's Studies",0,0,10,5,4,4,2,4,4,1,1,37,7,0,9,0,3,0,5,0,1,1,0,12,0,4,1,0,2,0,3,4,3,4,1,22,2,0,3,0,1,0,9,6,11,31,27,6,28,6,5,10,4,1,2,6,6,26,5,2,4,5,9,6,38,7,2,26,20,53,15,16,8,3,4,1,6,1,1,25,16,2,0,1,8,7,4,0,15,1,2,11,2,13,3,6,7,9,1,0,0,9,2,7,0,1,3,3,1,0,1,0,736
405689,"Writing Help",0,0,0,0,0,0,0,0,0,0,0,0,0,0,0,0,0,0,0,0,0,0,0,0,0,0,0,0,0,0,0,0,0,0,0,0,0,0,0,0,0,0,0,0,0,0,0,0,0,0,0,0,0,0,0,0,0,0,0,0,0,0,0,0,0,0,0,0,7,0,0,0,0,0,0,0,0,0,0,0,0,0,0,0,0,0,0,0,0,0,0,0,0,0,0,0,0,0,0,0,0,0,0,0,0,0,0,0,0,0,0,0,7
1120129,Zines,0,0,0,0,0,0,0,0,0,0,0,0,0,0,0,0,0,0,0,0,0,0,0,0,0,0,0,0,0,0,0,0,0,0,0,0,0,0,0,0,0,0,0,0,0,0,0,0,0,0,0,0,0,0,0,0,0,0,0,0,0,0,0,0,0,0,0,0,0,0,0,0,0,0,0,0,0,0,0,0,0,0,0,0,0,0,0,0,0,0,0,0,0,17,144,65,69,120,83,30,13,32,38,56,91,20,6,49,55,45,60,6,999
98129,[Deleted],0,0,3,0,2,0,0,0,0,0,0,0,0,0,0,0,0,0,0,0,0,0,0,0,0,0,0,0,0,0,0,0,0,0,0,0,0,0,0,0,0,0,0,0,0,0,0,0,0,0,0,0,0,0,0,0,0,0,0,0,0,0,0,0,0,0,0,0,0,0,0,0,0,0,0,0,0,0,0,0,0,0,0,0,0,0,0,0,0,0,0,0,0,0,0,0,0,0,0,0,0,0,0,0,0,0,0,0,0,0,0,0,5
98156,[Deleted],0,13,17,14,0,1,1,1,0,0,2,1,1,1,0,0,130,49,28,19,61,74,7,9,6,0,0,0,0,0,6,0,0,0,1,17,0,0,0,0,0,0,2,1,0,1,0,6,1,0,0,0,0,0,0,0,1,0,0,0,0,4,3,4,0,0,0,0,0,0,0,3,2,0,0,0,0,0,6,0,0,0,0,3,0,0,0,0,0,0,1,0,0,0,0,0,0,0,0,0,0,0,0,0,0,0,0,0,0,0,0,0,497
140471,[Deleted],0,0,0,0,0,0,0,0,46,13,0,0,1,0,0,0,0,0,0,0,0,0,0,0,0,1,0,0,1,0,0,0,0,0,0,0,0,0,0,0,0,0,0,0,0,0,0,0,0,0,0,0,0,0,0,0,0,0,0,0,0,0,0,0,0,0,0,0,0,0,0,0,0,0,0,0,0,0,0,0,0,0,0,0,0,0,0,0,0,0,0,0,0,0,0,0,0,0,0,0,0,0,0,0,0,0,0,0,0,0,0,0,62
146021,[Deleted],0,0,0,0,0,0,0,0,32,3,0,3,0,0,0,0,0,0,0,0,0,0,0,0,0,0,0,0,0,0,0,0,0,0,0,0,0,0,0,0,0,0,0,0,0,0,0,0,0,0,0,0,0,0,0,0,0,0,0,0,0,0,0,0,0,0,0,0,0,0,0,0,0,0,0,0,0,0,0,0,0,0,0,0,0,0,0,0,0,0,0,0,0,0,0,0,0,0,0,0,0,0,0,0,0,0,0,0,0,0,0,0,38
148735,[Deleted],0,0,0,0,0,0,0,0,5,2,4,3,2,5,2,0,4,0,19,20,13,4,0,22,3,0,1,0,0,0,0,4,1,5,0,14,0,0,0,0,0,10,0,14,7,4,0,1,0,0,0,3,0,0,0,5,0,0,0,1,6,0,0,0,0,0,0,0,0,0,0,0,0,0,0,0,0,0,0,0,0,0,0,0,0,0,0,0,0,0,0,0,0,0,0,0,0,0,0,0,0,0,0,0,0,0,0,0,0,0,0,0,184
161007,[Deleted],0,0,0,0,0,0,0,0,0,54,3,0,0,0,0,0,0,0,0,0,0,0,0,0,0,0,0,0,0,0,0,0,0,0,0,0,0,0,0,0,0,0,0,0,0,2,0,0,0,1,0,0,0,0,0,3,0,4,5,0,0,3,0,2,0,3,7,0,1,0,0,2,0,0,0,1,0,0,1,2,3,0,4,0,5,0,0,0,0,0,0,0,0,0,3,5,2,1,0,2,0,0,0,0,0,0,0,0,0,0,0,0,119
178671,[Deleted],0,0,0,0,0,0,0,0,0,0,19,3,0,1,0,0,0,0,0,0,0,0,0,0,0,0,0,0,0,0,0,0,0,0,0,0,0,0,0,0,0,0,0,0,0,0,0,0,0,0,0,0,0,0,0,0,0,0,0,0,0,0,0,0,0,0,0,0,0,0,0,0,0,0,0,2,0,0,0,0,0,0,0,0,0,0,0,0,0,0,0,0,0,0,0,0,0,0,0,0,0,0,0,0,0,0,0,0,0,0,0,0,25
209201,[Deleted],0,0,0,0,0,0,0,0,0,0,0,33,16,14,3,0,0,0,0,3,0,0,0,0,0,0,0,0,0,0,0,1,0,0,0,0,0,0,0,0,0,0,5,0,1,3,0,0,1,0,0,0,0,0,0,0,2,5,0,0,0,0,0,0,0,0,0,1,0,0,0,0,0,0,0,1,0,0,0,0,0,0,0,0,0,0,0,0,0,0,0,0,0,0,0,0,0,0,0,0,0,0,0,0,0,0,0,0,0,0,0,0,89
385401,[Deleted],0,0,0,0,0,0,0,0,0,0,0,0,0,0,0,0,0,0,0,10,8,10,4,20,16,0,5,0,0,0,2,16,30,42,18,11,13,13,12,1,4,0,13,36,12,6,0,8,13,8,2,6,12,0,3,10,31,5,0,3,25,0,0,0,0,0,0,0,0,0,0,0,0,0,0,0,0,0,0,0,0,0,0,0,0,0,0,0,0,0,0,0,0,0,0,0,0,0,0,0,0,0,0,0,0,0,0,0,0,0,0,0,428
389156,[Deleted],0,0,0,0,0,0,0,0,0,0,0,0,0,0,0,0,0,0,0,17,25,80,11,33,7,1,0,0,4,0,2,6,1,10,1,1,0,0,0,0,0,0,0,2,4,4,0,1,0,0,0,0,0,0,0,7,1,32,0,3,0,0,1,0,0,0,1,0,0,0,1,0,2,0,0,0,5,1,0,0,0,6,0,0,0,0,0,0,0,0,0,0,0,0,0,0,0,0,0,0,0,0,0,0,0,0,0,0,0,0,0,0,270
452134,[Deleted],0,0,0,0,0,0,0,0,0,0,0,0,0,0,0,0,0,0,0,0,0,0,0,0,84,122,41,254,0,65,1,0,0,0,0,0,0,0,0,0,0,0,0,0,0,0,0,0,0,0,0,0,0,0,0,0,0,0,0,0,0,0,0,0,0,0,0,0,0,0,0,0,0,0,0,0,0,0,0,0,0,0,0,0,0,0,0,0,0,0,0,0,0,0,0,0,0,0,0,0,0,0,0,0,0,0,0,0,0,0,0,0,567
541076,[Deleted],0,0,0,0,0,0,0,0,0,0,0,0,0,0,0,0,0,0,0,0,0,0,0,0,0,0,0,0,0,0,35,1,0,0,0,0,0,0,1,6,0,0,0,0,0,0,0,0,0,0,0,0,0,0,0,0,0,0,0,0,0,0,0,0,0,0,0,0,0,0,0,0,0,0,0,0,0,0,0,0,0,0,0,0,0,0,0,0,0,0,0,0,0,0,0,0,0,0,0,0,0,0,0,0,0,0,0,0,0,0,0,0,43
555607,[Deleted],0,0,0,0,0,0,0,0,0,0,0,0,0,0,0,0,0,0,0,0,0,0,0,0,0,0,0,0,0,0,0,0,1,0,0,0,0,0,0,0,0,0,0,0,0,0,0,0,0,0,0,0,0,0,0,0,0,0,0,0,0,0,0,0,0,0,0,0,0,0,0,0,0,0,0,0,0,0,0,0,0,0,0,0,0,0,0,0,0,0,0,0,0,0,0,0,0,0,0,0,0,0,0,0,0,0,0,0,0,0,0,0,1
647590,[Deleted],0,0,0,0,0,0,0,0,0,0,0,0,0,0,0,0,0,0,0,0,0,0,0,0,0,0,0,0,0,0,0,0,0,0,0,0,0,0,0,0,0,0,11,4,0,0,0,0,0,0,2,0,0,0,8,5,1,0,0,0,0,0,0,0,0,0,0,0,0,0,0,0,0,0,0,0,0,0,0,0,0,0,0,0,0,0,0,0,0,0,0,0,0,0,0,0,0,0,0,0,0,0,0,0,0,0,0,0,0,0,0,0,31
647597,[Deleted],0,0,0,0,0,0,0,0,0,0,0,0,0,0,0,0,0,0,0,0,0,0,0,0,0,0,0,0,0,0,0,0,0,0,0,0,0,0,0,0,0,0,17,33,46,0,0,0,0,0,6,0,0,0,6,24,10,1,0,0,0,0,0,0,0,0,0,0,0,0,0,0,0,0,0,0,0,0,0,0,0,0,0,0,0,0,0,0,0,0,0,0,0,0,0,0,0,0,0,0,0,0,0,0,0,0,0,0,0,0,0,0,143
714337,[Deleted],0,0,0,0,0,0,0,0,0,0,0,0,0,0,0,0,0,0,0,0,0,0,0,0,0,0,0,0,0,0,0,0,0,0,0,0,0,0,0,0,0,0,22,77,60,6,0,0,0,0,1,0,0,0,0,0,0,0,0,11,3,0,0,2,0,0,0,0,0,0,0,0,0,0,0,0,0,0,0,0,0,0,0,0,0,0,0,0,0,0,0,0,0,0,0,0,0,0,0,0,0,0,0,0,0,0,0,0,0,0,0,0,182
714339,[Deleted],0,0,0,0,0,0,0,0,0,0,0,0,0,0,0,0,0,0,0,0,0,0,0,0,0,0,0,0,0,0,0,0,0,0,0,0,0,0,0,0,0,0,51,63,44,0,0,0,0,0,1,0,0,0,0,0,0,0,0,0,0,0,0,0,0,0,0,0,0,0,0,0,0,0,0,0,0,0,0,0,0,0,0,0,0,0,0,0,0,0,0,0,0,0,0,0,0,0,0,0,0,0,0,0,0,0,0,0,0,0,0,0,159
714340,[Deleted],0,0,0,0,0,0,0,0,0,0,0,0,0,0,0,0,0,0,0,0,0,0,0,0,0,0,0,0,0,0,0,0,0,0,0,0,0,0,0,0,0,0,6,1,0,0,0,0,0,0,0,0,0,0,0,0,0,0,0,0,0,0,0,0,0,0,0,0,0,0,0,0,0,0,0,0,0,0,0,0,0,0,0,0,0,0,0,0,0,0,0,0,0,0,0,0,0,0,0,0,0,0,0,0,0,0,0,0,0,0,0,0,7
714341,[Deleted],0,0,0,0,0,0,0,0,0,0,0,0,0,0,0,0,0,0,0,0,0,0,0,0,0,0,0,0,0,0,0,0,0,0,0,0,0,0,0,0,0,0,5,27,22,0,0,0,0,0,0,0,0,0,0,0,0,0,0,0,4,0,0,0,0,0,0,0,0,0,0,0,0,0,0,0,0,0,0,0,0,0,0,0,0,0,0,0,0,0,0,0,0,0,0,0,0,0,0,0,0,0,0,0,0,0,0,0,0,0,0,0,58
714342,[Deleted],0,0,0,0,0,0,0,0,0,0,0,0,0,0,0,0,0,0,0,0,0,0,0,0,0,0,0,0,0,0,0,0,0,0,0,0,0,0,0,0,0,0,4,10,14,0,0,0,0,0,0,0,0,0,0,0,0,0,0,0,0,0,0,0,0,0,0,0,0,0,0,0,0,0,0,0,0,0,0,0,0,0,0,0,0,0,0,0,0,0,0,0,0,0,0,0,0,0,0,0,0,0,0,0,0,0,0,0,0,0,0,0,28
714343,[Deleted],0,0,0,0,0,0,0,0,0,0,0,0,0,0,0,0,0,0,0,0,0,0,0,0,0,0,0,0,0,0,0,0,0,0,0,0,0,0,0,0,0,0,3,12,0,0,0,0,0,0,0,0,0,0,0,0,0,0,0,0,0,0,0,0,0,0,0,0,0,0,0,0,0,0,0,0,0,0,0,0,0,0,0,0,0,0,0,0,0,0,0,0,0,0,0,0,0,0,0,0,0,0,0,0,0,0,0,0,0,0,0,0,15
714344,[Deleted],0,0,0,0,0,0,0,0,0,0,0,0,0,0,0,0,0,0,0,0,0,0,0,0,0,0,0,0,0,0,0,0,0,0,0,0,0,0,0,0,0,0,9,6,27,1,0,0,0,0,4,0,0,0,14,29,24,1,0,0,0,0,0,0,0,0,0,0,0,0,0,0,0,0,0,0,0,0,0,0,0,0,0,0,0,0,0,0,0,0,0,0,0,0,0,0,0,0,0,0,0,0,0,0,0,0,0,0,0,0,0,0,115
714345,[Deleted],0,0,0,0,0,0,0,0,0,0,0,0,0,0,0,0,0,0,0,0,0,0,0,0,0,0,0,0,0,0,0,0,0,0,0,0,0,0,0,0,0,0,11,24,0,0,0,0,0,0,0,0,0,0,0,0,0,0,0,0,0,0,0,0,0,0,0,0,0,0,0,0,0,0,0,0,0,0,0,0,0,0,0,0,0,0,0,0,0,0,0,0,0,0,0,0,0,0,0,0,0,0,0,0,0,0,0,0,0,0,0,0,35
714346,[Deleted],0,0,0,0,0,0,0,0,0,0,0,0,0,0,0,0,0,0,0,0,0,0,0,0,0,0,0,0,0,0,0,0,0,0,0,0,0,0,0,0,0,0,7,11,0,0,0,0,0,0,0,0,0,0,0,0,0,0,0,0,0,0,0,0,0,0,0,0,0,0,0,0,0,0,0,0,0,0,0,0,0,0,0,0,0,0,0,0,0,0,0,0,0,0,0,0,0,0,0,0,0,0,0,0,0,0,0,0,0,0,0,0,18
714347,[Deleted],0,0,0,0,0,0,0,0,0,0,0,0,0,0,0,0,0,0,0,0,0,0,0,0,0,0,0,0,0,0,0,0,0,0,0,0,0,0,0,0,0,0,4,17,48,0,0,0,0,0,12,0,0,0,9,28,11,1,0,0,0,0,0,0,0,0,0,0,0,0,0,0,0,0,0,0,0,0,0,0,0,0,0,0,0,0,0,0,0,0,0,0,0,0,0,0,0,0,0,0,0,0,0,0,0,0,0,0,0,0,0,0,130
714348,[Deleted],0,0,0,0,0,0,0,0,0,0,0,0,0,0,0,0,0,0,0,0,0,0,0,0,0,0,0,0,0,0,0,0,0,0,0,0,0,0,0,0,0,0,4,13,9,0,0,0,0,0,0,0,0,0,0,0,0,0,0,0,0,0,0,0,0,0,0,0,0,0,0,0,0,0,0,0,0,0,0,0,0,0,0,0,0,0,0,0,0,0,0,0,0,0,0,0,0,0,0,0,0,0,0,0,0,0,0,0,0,0,0,0,26
714349,[Deleted],0,0,0,0,0,0,0,0,0,0,0,0,0,0,0,0,0,0,0,0,0,0,0,0,0,0,0,0,0,0,0,0,0,0,0,0,0,0,0,0,0,0,10,18,31,0,0,0,0,0,0,0,0,0,0,0,0,0,0,0,0,0,0,0,0,0,0,0,0,0,0,0,0,0,0,0,0,0,0,0,0,0,0,0,0,0,0,0,0,0,0,0,0,0,0,0,0,0,0,0,0,0,0,0,0,0,0,0,0,0,0,0,59
714350,[Deleted],0,0,0,0,0,0,0,0,0,0,0,0,0,0,0,0,0,0,0,0,0,0,0,0,0,0,0,0,0,0,0,0,0,0,0,0,0,0,0,0,0,0,2,0,0,0,0,0,0,0,0,0,0,0,0,0,0,0,0,0,0,0,0,0,0,0,0,0,0,0,0,0,0,0,0,0,0,0,0,0,0,0,0,0,0,0,0,0,0,0,0,0,0,0,0,0,0,0,0,0,0,0,0,0,0,0,0,0,0,0,0,0,2
714351,[Deleted],0,0,0,0,0,0,0,0,0,0,0,0,0,0,0,0,0,0,0,0,0,0,0,0,0,0,0,0,0,0,0,0,0,0,0,0,0,0,0,0,0,0,6,8,0,0,0,0,0,0,0,0,0,0,0,0,0,0,0,0,0,0,0,0,0,0,0,0,0,0,0,0,0,0,0,0,0,0,0,0,0,0,0,0,0,0,0,0,0,0,0,0,0,0,0,0,0,0,0,0,0,0,0,0,0,0,0,0,0,0,0,0,14
714353,[Deleted],0,0,0,0,0,0,0,0,0,0,0,0,0,0,0,0,0,0,0,0,0,0,0,0,0,0,0,0,0,0,0,0,0,0,0,0,0,0,0,0,0,0,6,5,0,0,0,0,0,0,0,0,0,0,0,0,0,0,0,0,0,0,0,0,0,0,0,0,0,0,0,0,0,0,0,0,0,0,0,0,0,0,0,0,0,0,0,0,0,0,0,0,0,0,0,0,0,0,0,0,0,0,0,0,0,0,0,0,0,0,0,0,11
776226,[Deleted],0,0,0,0,0,0,0,0,0,0,0,0,0,0,0,0,0,0,0,0,0,0,0,0,0,0,0,0,0,0,0,0,0,0,0,0,0,0,0,0,0,0,0,0,0,0,0,25,32,246,23,17,0,0,0,23,1,9,3,2,0,0,0,0,0,0,0,0,0,0,0,0,0,0,0,0,0,0,0,0,0,0,0,0,0,0,0,0,0,0,0,0,0,0,0,0,0,0,0,0,0,0,0,0,0,0,0,0,0,0,0,0,381
864344,[Deleted],0,0,0,0,0,0,0,0,0,0,0,0,0,0,0,0,0,0,0,0,0,0,0,0,0,0,0,0,0,0,0,0,0,0,0,0,0,0,0,0,0,0,0,0,0,0,0,0,0,0,0,0,0,0,2,26,0,0,0,0,0,0,0,0,0,0,0,0,0,0,0,0,0,0,0,0,0,0,0,0,0,0,0,0,0,0,0,0,0,0,0,0,0,0,0,0,0,0,0,0,0,0,0,0,0,0,0,0,0,0,0,0,28
864346,[Deleted],0,0,0,0,0,0,0,0,0,0,0,0,0,0,0,0,0,0,0,0,0,0,0,0,0,0,0,0,0,0,0,0,0,0,0,0,0,0,0,0,0,0,0,0,0,0,0,0,0,0,0,0,0,0,6,58,31,7,0,0,0,0,0,0,0,0,0,0,0,0,0,0,0,0,0,0,0,0,0,0,0,0,0,0,0,0,0,0,0,0,0,0,0,0,0,0,0,0,0,0,0,0,0,0,0,0,0,0,0,0,0,0,102
864349,[Deleted],0,0,0,0,0,0,0,0,0,0,0,0,0,0,0,0,0,0,0,0,0,0,0,0,0,0,0,0,0,0,0,0,0,0,0,0,0,0,0,0,0,0,0,0,0,0,0,0,0,0,0,0,0,0,2,39,17,4,0,0,0,0,0,0,0,0,0,0,0,0,0,0,0,0,0,0,0,0,0,0,0,0,0,0,0,0,0,0,0,0,0,0,0,0,0,0,0,0,0,0,0,0,0,0,0,0,0,0,0,0,0,0,62
864352,[Deleted],0,0,0,0,0,0,0,0,0,0,0,0,0,0,0,0,0,0,0,0,0,0,0,0,0,0,0,0,0,0,0,0,0,0,0,0,0,0,0,0,0,0,0,0,0,0,0,0,0,0,0,0,0,0,8,108,61,39,0,0,0,0,0,0,0,0,0,4,0,0,0,0,0,0,0,0,0,0,0,0,0,0,0,0,0,0,0,0,0,0,0,0,0,0,0,0,0,0,0,0,0,0,0,0,0,0,0,0,0,0,0,0,220
864355,[Deleted],0,0,0,0,0,0,0,0,0,0,0,0,0,0,0,0,0,0,0,0,0,0,0,0,0,0,0,0,0,0,0,0,0,0,0,0,0,0,0,0,0,0,0,0,0,0,0,0,0,0,0,0,0,0,0,29,0,0,0,0,0,0,0,0,0,0,0,0,0,0,0,0,0,0,0,0,0,0,0,0,0,0,0,0,0,0,0,0,0,0,0,0,0,0,0,0,0,0,0,0,0,0,0,0,0,0,0,0,0,0,0,0,29
864358,[Deleted],0,0,0,0,0,0,0,0,0,0,0,0,0,0,0,0,0,0,0,0,0,0,0,0,0,0,0,0,0,0,0,0,0,0,0,0,0,0,0,0,0,0,0,0,0,0,0,0,0,0,0,0,0,0,1,137,72,8,0,0,0,0,0,0,0,0,0,0,0,0,0,0,0,0,0,0,0,0,0,0,0,0,0,0,0,0,0,0,0,0,0,0,0,0,0,0,0,0,0,0,0,0,0,0,0,0,0,0,0,0,0,0,218
864359,[Deleted],0,0,0,0,0,0,0,0,0,0,0,0,0,0,0,0,0,0,0,0,0,0,0,0,0,0,0,0,0,0,0,0,0,0,0,0,0,0,0,0,0,0,0,0,0,0,0,0,0,0,0,0,0,0,4,38,14,3,0,0,0,0,0,0,0,0,0,0,0,0,0,0,0,0,0,0,0,0,0,0,0,0,0,0,0,0,0,0,0,0,0,0,0,0,0,0,0,0,0,0,0,0,0,0,0,0,0,0,0,0,0,0,59
864369,[Deleted],0,0,0,0,0,0,0,0,0,0,0,0,0,0,0,0,0,0,0,0,0,0,0,0,0,0,0,0,0,0,0,0,0,0,0,0,0,0,0,0,0,0,0,0,0,0,0,0,0,0,0,0,0,0,5,99,74,27,0,0,0,0,0,0,0,0,0,0,0,0,0,0,0,0,0,0,0,0,0,0,0,0,0,0,0,0,0,0,0,0,0,0,0,0,0,0,0,0,0,0,0,0,0,0,0,0,0,0,0,0,0,0,205
864371,[Deleted],0,0,0,0,0,0,0,0,0,0,0,0,0,0,0,0,0,0,0,0,0,0,0,0,0,0,0,0,0,0,0,0,0,0,0,0,0,0,0,0,0,0,0,0,0,0,0,0,0,0,0,0,0,0,3,35,18,13,0,0,0,0,0,0,0,0,0,0,0,0,0,0,0,0,0,0,0,0,0,0,0,0,0,0,0,0,0,0,0,0,0,0,0,0,0,0,0,0,0,0,0,0,0,0,0,0,0,0,0,0,0,0,69
864375,[Deleted],0,0,0,0,0,0,0,0,0,0,0,0,0,0,0,0,0,0,0,0,0,0,0,0,0,0,0,0,0,0,0,0,0,0,0,0,0,0,0,0,0,0,0,0,0,0,0,0,0,0,0,0,0,0,3,3,0,0,0,0,0,0,0,0,0,0,0,0,0,0,0,0,0,0,0,0,0,0,0,0,0,0,0,0,0,0,0,0,0,0,0,0,0,0,0,0,0,0,0,0,0,0,0,0,0,0,0,0,0,0,0,0,6
866845,[Deleted],0,0,0,0,0,0,0,0,0,0,0,0,0,0,0,0,0,0,0,0,0,0,0,0,0,0,0,0,0,0,0,0,0,0,0,0,0,0,0,0,0,0,0,0,0,0,0,0,0,0,0,0,0,0,0,0,4,1,0,0,3,0,4,2,0,1,0,1,6,0,0,0,3,0,0,0,0,0,0,0,0,0,0,0,0,0,0,0,0,0,0,0,0,0,0,0,0,0,0,0,0,0,0,0,0,0,0,0,0,0,0,0,25
896301,[Deleted],0,0,0,0,0,0,0,0,0,0,0,0,0,0,0,0,0,0,0,0,0,0,0,0,0,0,0,0,0,0,0,0,0,0,0,0,0,0,0,0,0,0,0,0,0,0,0,0,0,0,0,0,0,0,0,0,0,0,0,25,0,0,1,0,0,0,0,0,0,0,0,0,0,0,0,0,0,0,0,0,0,0,0,0,0,0,0,0,0,0,0,0,0,0,0,0,0,0,0,0,0,0,0,0,0,0,0,0,0,0,0,0,26
926315,[Deleted],0,0,0,0,0,0,0,0,0,0,0,0,0,0,0,0,0,0,0,0,0,0,0,0,0,0,0,0,0,0,0,0,0,0,0,0,0,0,0,0,0,0,0,0,0,0,0,0,0,0,0,0,0,0,0,0,0,0,0,0,0,0,128,0,0,0,0,0,0,0,0,0,0,0,0,0,0,0,0,0,0,0,0,0,0,0,0,0,0,0,0,0,0,0,0,0,0,0,0,0,0,0,0,0,0,0,0,0,0,0,0,0,128
930977,[Deleted],0,0,0,0,0,0,0,0,0,0,0,0,0,0,0,0,0,0,0,0,0,0,0,0,0,0,0,0,0,0,0,0,0,0,0,0,0,0,0,0,0,0,0,0,0,0,0,0,0,0,0,0,0,0,0,0,0,0,0,0,0,0,4,0,0,0,0,0,0,0,0,0,0,0,0,0,0,0,0,0,0,0,0,0,0,0,0,0,0,0,0,0,0,0,0,0,0,0,0,0,0,0,0,0,0,0,0,0,0,0,0,0,4
994198,[Deleted],0,0,0,0,0,0,0,0,0,0,0,0,0,0,0,0,0,0,0,0,0,0,0,0,0,0,0,0,0,0,0,0,0,0,0,0,0,0,0,0,0,0,0,0,0,0,0,0,0,0,0,0,0,0,0,0,0,0,0,0,0,0,0,0,0,0,0,0,0,0,0,111,203,114,89,81,6,0,0,0,0,0,0,0,0,0,0,0,0,0,0,0,0,0,0,0,0,0,0,0,0,0,0,0,0,0,0,0,0,0,0,0,604
1013914,[Deleted],0,0,0,0,0,0,0,0,0,0,0,0,0,0,0,0,0,0,0,0,0,0,0,0,0,0,0,0,0,0,0,0,0,0,0,0,0,0,0,0,0,0,0,0,0,0,0,0,0,0,0,0,0,0,0,0,0,0,0,0,0,0,0,0,0,0,0,0,0,0,0,0,0,234,130,25,0,3,0,0,0,0,0,0,0,0,0,0,0,0,0,0,0,0,0,0,0,0,0,0,0,0,0,0,0,0,0,0,0,0,0,0,392
1062115,[Deleted],0,0,0,0,0,0,0,0,0,0,0,0,0,0,0,0,0,0,0,0,0,0,0,0,0,0,0,0,0,0,0,0,0,0,0,0,0,0,0,0,0,0,0,0,0,0,0,0,0,0,0,0,0,0,0,0,0,0,0,0,0,0,0,0,0,0,0,0,0,0,0,0,0,0,0,0,0,0,18,91,23,10,0,0,0,0,3,0,0,0,0,0,0,0,0,0,0,0,0,0,0,0,0,0,0,0,0,0,0,0,0,0,145
1062269,[Deleted],0,0,0,0,0,0,0,0,0,0,0,0,0,0,0,0,0,0,0,0,0,0,0,0,0,0,0,0,0,0,0,0,0,0,0,0,0,0,0,0,0,0,0,0,0,0,0,0,0,0,0,0,0,0,0,0,0,0,0,0,0,0,0,0,0,0,0,0,0,0,0,0,0,0,0,0,0,10,23,1,0,0,0,0,0,0,0,0,0,0,0,0,0,0,0,0,0,0,0,0,0,0,0,0,0,0,0,0,0,0,0,0,34
1108484,[Deleted],0,0,0,0,0,0,0,0,0,0,0,0,0,0,0,0,0,0,0,0,0,0,0,0,0,0,0,0,0,0,0,0,0,0,0,0,0,0,0,0,0,0,0,0,0,0,0,0,0,0,0,0,0,0,0,0,0,0,0,0,0,0,0,0,0,0,0,0,0,0,0,0,0,0,0,0,0,0,0,0,0,0,3,0,0,0,0,0,0,0,0,0,0,0,0,0,0,0,0,0,0,0,0,0,0,0,0,0,0,0,0,0,3
